#build-management--maven--bimargulies,#build-management--maven--oehme,#build-management--maven--mickaelistria,#build-management--maven--atanasenko,#build-management--maven--rosti-il,#build-management--maven--mthmulders,#build-management--maven--KroArtem,#build-management--maven--arturobernalg,#build-management--maven--ChristianSchulte,#build-management--maven--ifedorenko,#build-management--maven--krosenvold,#build-management--maven--bentmann
0.0005231219920485457,0.0011508683825068005,0.0012554927809165098,0.001360117179326219,0.001569365976145637,0.004708097928436911,0.007114459091860222,0.009416195856873822,0.014228918183720443,0.016739903745553463,0.03358443188951663,0.17032852061100648
0.7777777777777778,0.3333333333333333,0.7,0.42857142857142855,0.3333333333333333,0.2857142857142857,0.16666666666666666,0.16666666666666666,0.25925925925925924,0.2597402597402597,0.25862068965517243,0.18935729094678647
0.5555555555555556,0.3333333333333333,0.7,0.2857142857142857,0.3333333333333333,0.19047619047619047,0.16666666666666666,0.16666666666666666,0.18518518518518517,0.2727272727272727,0.1896551724137931,0.2957843814789219
