#library--commons-collections--neilotoole,#library--commons-collections--psteitz
0.001889763779527559,0.026456692913385826
0.25,0.23255813953488372
0.5,0.3023255813953488
