#library--commons-lang--thiyagu-7,#library--commons-lang--juanpablo-santos,#library--commons-lang--thiagoh,#library--commons-lang--MSaifAsif,#library--commons-lang--ptemplier,#library--commons-lang--big-andy-coates,#library--commons-lang--MaridProject,#library--commons-lang--Derek-Ashmore,#library--commons-lang--Stzx,#library--commons-lang--yasserzamani,#library--commons-lang--jbduncan,#library--commons-lang--chonton
0.0012698412698412698,0.0012698412698412698,0.0012698412698412698,0.0012698412698412698,0.0012698412698412698,0.0012698412698412698,0.0012698412698412698,0.0012698412698412698,0.0025396825396825397,0.0031746031746031746,0.012698412698412698,0.040634920634920635
1.0,2.0,1.0,1.0,0.5,1.0,1.0,1.0,0.3333333333333333,1.0,1.0,0.30357142857142855
1.0,1.0,1.0,1.0,0.5,1.0,1.0,1.0,0.3333333333333333,1.0,1.0,0.26785714285714285
