#library--opennlp--wero026,#library--opennlp--ragerri
0.00036913990402362494,0.026208933185677373
1.0,0.26
1.0,0.22
