#database--cayenne--ollybondareva,#database--cayenne--const1993
272,233
0.4,0.28888888888888886
0.4,0.24444444444444444
