#database--pig--ashutoshc,#database--pig--julienledem,#database--pig--r0hini
663,815,3577
1.3214285714285714,1.1891891891891893,0.2767857142857143
0.5357142857142857,0.3783783783783784,0.24702380952380953
