{
    "all_file_num": 12043,
    "error_developer_file_rate": {
        "#database--iotdb--wjr4hy": 0.0001660715768496222,
        "#database--iotdb--tieredblocks": 0.0001660715768496222,
        "#database--iotdb--limeng32": 0.0001660715768496222,
        "#database--iotdb--flesher0813": 0.0002491073652744333,
        "#database--iotdb--chenjun40": 0.0002491073652744333,
        "#database--iotdb--GLBB": 0.0003321431536992444,
        "#database--iotdb--leonardodalinky": 0.0004982147305488666,
        "#database--iotdb--wangyh-thss": 0.0005812505189736777,
        "#database--iotdb--ljn55966005": 0.0006642863073984888,
        "#database--iotdb--ShuanglinWu": 0.0006642863073984888,
        "#database--iotdb--dynamicDr": 0.0011625010379473554,
        "#database--iotdb--1160300922": 0.0013285726147969775,
        "#database--iotdb--WeiZhong94": 0.0013285726147969775,
        "#database--iotdb--leety1228": 0.0015776799800714108,
        "#database--iotdb--Superainbower": 0.001743751556921033,
        "#database--iotdb--rhmangmang": 0.0021589304990450886,
        "#database--iotdb--MansteinLiliang": 0.002574109441169144,
        "#database--iotdb--imquanke": 0.002657145229593955,
        "#database--iotdb--FrankHWD": 0.002657145229593955,
        "#database--iotdb--SolomonAnn": 0.0030723241717180104,
        "#database--iotdb--WilliamSong112": 0.0030723241717180104,
        "#database--iotdb--yyt86": 0.0031553599601428215,
        "#database--iotdb--ruanwenjun": 0.003570538902266877,
        "#database--iotdb--yuqi1129": 0.003570538902266877,
        "#database--iotdb--liujiajun": 0.003736610479116499,
        "#database--iotdb--yanhongwangg": 0.004151789421240555,
        "#database--iotdb--yx-zhang": 0.004899111517063855,
        "#database--iotdb--lyssom": 0.005065183093913477,
        "#database--iotdb--LIU-WEI-git": 0.005480362036037532,
        "#database--iotdb--xuanronaldo": 0.00606161255501121,
        "#database--iotdb--cigarl": 0.006975006227684132,
        "#database--iotdb--23931017wu": 0.007556256746657809,
        "#database--iotdb--flashzxi": 0.0078053641119322425,
        "#database--iotdb--yuyuankang": 0.008137507265631488,
        "#database--iotdb--tsunghanjacktsai": 0.008552686207755542,
        "#database--iotdb--haimeiguo": 0.008884829361454787,
        "#database--iotdb--xinzhongtianxia": 0.01436519139749232,
        "#database--iotdb--zhanglingzhe0820": 0.015444656647014863,
        "#database--iotdb--jun0315": 0.016358050319687786,
        "#database--iotdb--kr11": 0.01677322926181184,
        "#database--iotdb--cmlmakahts": 0.016939300838661464,
        "#database--iotdb--cornmonster": 0.021091090259902016,
        "#database--iotdb--choubenson": 0.02142323341360126,
        "#database--iotdb--yschengzi": 0.021506269202026074,
        "#database--iotdb--RYH61": 0.02574109441169144,
        "#database--iotdb--MrQuansy": 0.026239309142240305,
        "#database--iotdb--little-emotion": 0.02806609648758615,
        "#database--iotdb--wshao08": 0.029228597525533504,
        "#database--iotdb--liuruiyiyang": 0.03147056381300341,
        "#database--iotdb--xingtanzjr": 0.03246699327410114,
        "#database--iotdb--LeiRui": 0.035539317445819146,
        "#database--iotdb--SilverNarcissus": 0.039275927924935644,
        "#database--iotdb--HeimingZ": 0.04459021838412356,
        "#database--iotdb--fanhualta": 0.05123308145810845,
        "#database--iotdb--THUMarkLau": 0.05438844141825127,
        "#database--iotdb--CRZbulabula": 0.057543801378394085,
        "#database--iotdb--Genius-pig": 0.06128041185751059,
        "#database--iotdb--SpriCoder": 0.06252594868388275,
        "#database--iotdb--Alima777": 0.06335630656813086,
        "#database--iotdb--samperson1997": 0.06692684547039775,
        "#database--iotdb--MarcosZyk": 0.0807938221373412,
        "#database--iotdb--jt2594838": 0.08436436103960807,
        "#database--iotdb--liuminghui233": 0.0898447230756456,
        "#database--iotdb--JackieTien97": 0.1348501204018932
    },
    "daily_error_prone_developer": [
        "#database--iotdb--rhmangmang",
        "#database--iotdb--ruanwenjun",
        "#database--iotdb--yuqi1129",
        "#database--iotdb--liujiajun",
        "#database--iotdb--yanhongwangg",
        "#database--iotdb--yx-zhang",
        "#database--iotdb--lyssom",
        "#database--iotdb--LIU-WEI-git",
        "#database--iotdb--xuanronaldo",
        "#database--iotdb--cigarl",
        "#database--iotdb--23931017wu",
        "#database--iotdb--flashzxi",
        "#database--iotdb--yuyuankang",
        "#database--iotdb--tsunghanjacktsai",
        "#database--iotdb--haimeiguo",
        "#database--iotdb--xinzhongtianxia",
        "#database--iotdb--zhanglingzhe0820",
        "#database--iotdb--jun0315",
        "#database--iotdb--kr11",
        "#database--iotdb--cmlmakahts",
        "#database--iotdb--cornmonster",
        "#database--iotdb--choubenson",
        "#database--iotdb--yschengzi",
        "#database--iotdb--RYH61",
        "#database--iotdb--MrQuansy",
        "#database--iotdb--little-emotion",
        "#database--iotdb--wshao08",
        "#database--iotdb--liuruiyiyang",
        "#database--iotdb--xingtanzjr",
        "#database--iotdb--LeiRui",
        "#database--iotdb--SilverNarcissus",
        "#database--iotdb--HeimingZ",
        "#database--iotdb--fanhualta",
        "#database--iotdb--THUMarkLau",
        "#database--iotdb--CRZbulabula",
        "#database--iotdb--Genius-pig",
        "#database--iotdb--SpriCoder",
        "#database--iotdb--Alima777",
        "#database--iotdb--samperson1997",
        "#database--iotdb--MarcosZyk",
        "#database--iotdb--jt2594838",
        "#database--iotdb--liuminghui233",
        "#database--iotdb--JackieTien97"
    ],
    "number_daily_error_prone_developer": 43
}