#network-server--cayenne--emecas,#network-server--cayenne--OlegKhodokevich,#network-server--cayenne--faizel,#network-server--cayenne--aplgithub,#network-server--cayenne--AlexandrShestak,#network-server--cayenne--nismooooooo,#network-server--cayenne--ollybondareva,#network-server--cayenne--const1993,#network-server--cayenne--AlexKolonitsky,#network-server--cayenne--johnthuss,#network-server--cayenne--dzmitryk,#network-server--cayenne--thinline72,#network-server--cayenne--
0.00042013864575309853,0.0004901617533786149,0.0006302079686296478,0.0011203697220082628,0.002310762551642042,0.006092010363419929,0.008682865345564035,0.00959316574469575,0.018906239058889433,0.019536447027519083,0.04418458091170086,0.10335410685526224,0.11294727259995799
0.25,0.25,0.2,0.25,0.3333333333333333,0.2682926829268293,0.4,0.28888888888888886,0.2631578947368421,0.22666666666666666,0.19463087248322147,0.19375,0.2395693135935397
0.75,0.25,0.2,0.25,0.4444444444444444,0.2682926829268293,0.4,0.24444444444444444,0.21052631578947367,0.22666666666666666,0.18120805369127516,0.1875,0.2597577388963661
