#network-server--felix--chirino,#network-server--felix--ffang,#network-server--felix--bobpaulin,#network-server--felix--srs,#network-server--felix--djencks,#network-server--felix--gertv,#network-server--felix--gnodet
0.00012745889450652164,0.0009771848578833326,0.0010621574542210137,0.005055869482092025,0.011343841611080426,0.01780175893274419,0.09211029443004631
0.5,0.2222222222222222,0.36,0.3181818181818182,0.680327868852459,0.2727272727272727,0.18754745634016703
0.3333333333333333,0.2222222222222222,0.36,0.20454545454545456,0.6775956284153005,0.18181818181818182,0.18147304479878512
