#network-server--tomee--ivanjunckes,#network-server--tomee--jgawor
0.0009696001825129756,0.006216848229053784
0.3,0.1875
0.4,0.16666666666666666
