#cloud--helix--atcurtis,#cloud--helix--zzhang5
0.0012089810017271157,0.11018998272884284
0.4,0.3837837837837838
0.4,0.40540540540540543
