#cloud--jclouds--kstyrc,#cloud--jclouds--jonmort,#cloud--jclouds--akorompai,#cloud--jclouds--googlielmo,#cloud--jclouds--Ladicek,#cloud--jclouds--q225zhan,#cloud--jclouds--ChaithanyaGK,#cloud--jclouds--jmourelos,#cloud--jclouds--steveloughran,#cloud--jclouds--sunf2002,#cloud--jclouds--echohead,#cloud--jclouds--VRanga000,#cloud--jclouds--najtmar,#cloud--jclouds--eevans,#cloud--jclouds--will-districtnerds,#cloud--jclouds--dhogan,#cloud--jclouds--ilopmar,#cloud--jclouds--dalbani,#cloud--jclouds--tommywo,#cloud--jclouds--jtjk,#cloud--jclouds--joshvote,#cloud--jclouds--jeffgdotorg,#cloud--jclouds--IgnacioCalvo,#cloud--jclouds--psiniemi,#cloud--jclouds--csabapalfi,#cloud--jclouds--jasdeep-hundal,#cloud--jclouds--jkew,#cloud--jclouds--bostko,#cloud--jclouds--pimenas,#cloud--jclouds--kulya,#cloud--jclouds--luciano-sabenca-movile,#cloud--jclouds--theambidextrousboy,#cloud--jclouds--kwart,#cloud--jclouds--inbarsto,#cloud--jclouds--olivergondza,#cloud--jclouds--jmspring
3.468729404419161e-05,3.468729404419161e-05,6.937458808838322e-05,0.00010406188213257484,0.00010406188213257484,0.00010406188213257484,0.00013874917617676645,0.00013874917617676645,0.00013874917617676645,0.00013874917617676645,0.00013874917617676645,0.00017343647022095808,0.00017343647022095808,0.00017343647022095808,0.00017343647022095808,0.00017343647022095808,0.0002428110583093413,0.0002428110583093413,0.0002428110583093413,0.0003121856463977245,0.0003121856463977245,0.0003121856463977245,0.00041624752853029935,0.0004856221166186826,0.0005203094106628742,0.0005549967047070658,0.0006590585868396406,0.0006590585868396406,0.0006590585868396406,0.0006590585868396406,0.0006590585868396406,0.0008671823511047903,0.0010406188213257484,0.0016303028200770058,0.002393423289049221,0.0052030941066287415
2.0,1.0,1.0,0.5,1.0,2.0,0.5,3.0,1.0,1.5,0.5,0.3333333333333333,0.5,2.0,1.0,0.5,0.5,0.4,1.0,2.0,0.5,0.5,1.0,3.0,3.0,0.6666666666666666,1.0,0.5,2.0,3.0,2.0,0.3333333333333333,0.4166666666666667,0.7777777777777778,0.6666666666666666,0.75
1.0,1.0,1.0,0.5,1.0,1.0,0.5,1.0,1.0,1.0,0.25,0.3333333333333333,0.5,1.0,1.0,0.5,0.5,0.4,1.0,1.0,0.5,1.0,1.0,1.0,1.0,0.3333333333333333,0.5,0.5,1.0,1.0,1.0,0.6666666666666666,0.4166666666666667,0.5555555555555556,0.3333333333333333,0.75
