{
    "all_file_num": 71565,
    "error_developer_file_rate": {
        "#java--camel--Sw1m1k": 1.3973310976035772e-05,
        "#java--camel--trrosa": 1.3973310976035772e-05,
        "#java--camel--kahowell": 1.3973310976035772e-05,
        "#java--camel--Drezir": 1.3973310976035772e-05,
        "#java--camel--elomonosov": 1.3973310976035772e-05,
        "#java--camel--muellerch2293": 1.3973310976035772e-05,
        "#java--camel--richardgroote": 1.3973310976035772e-05,
        "#java--camel--shaipan": 1.3973310976035772e-05,
        "#java--camel--hmlnarik": 1.3973310976035772e-05,
        "#java--camel--krzysztof-mackowiak": 1.3973310976035772e-05,
        "#java--camel--ccancellieri": 1.3973310976035772e-05,
        "#java--camel--nryanov": 1.3973310976035772e-05,
        "#java--camel--sogabeseiji": 1.3973310976035772e-05,
        "#java--camel--sintezcs": 1.3973310976035772e-05,
        "#java--camel--driseley": 1.3973310976035772e-05,
        "#java--camel--grigoriadis": 1.3973310976035772e-05,
        "#java--camel--barthorre": 1.3973310976035772e-05,
        "#java--camel--pulse00": 1.3973310976035772e-05,
        "#java--camel--andmoos": 1.3973310976035772e-05,
        "#java--camel--nathanwray": 1.3973310976035772e-05,
        "#java--camel--avi5kdonrh": 2.7946621952071543e-05,
        "#java--camel--anestoruk": 2.7946621952071543e-05,
        "#java--camel--rikvb": 2.7946621952071543e-05,
        "#java--camel--antonkrosnev": 2.7946621952071543e-05,
        "#java--camel--dimizuno": 2.7946621952071543e-05,
        "#java--camel--derekwilhelm": 2.7946621952071543e-05,
        "#java--camel--jataylor2012": 2.7946621952071543e-05,
        "#java--camel--msparer": 2.7946621952071543e-05,
        "#java--camel--awgtek": 2.7946621952071543e-05,
        "#java--camel--nick-pww": 2.7946621952071543e-05,
        "#java--camel--bduisenov": 2.7946621952071543e-05,
        "#java--camel--Maurice-Betzel": 4.1919932928107315e-05,
        "#java--camel--vasilievip": 4.1919932928107315e-05,
        "#java--camel--nikhilvibhav": 4.1919932928107315e-05,
        "#java--camel--cgpoh": 4.1919932928107315e-05,
        "#java--camel--xfournet": 4.1919932928107315e-05,
        "#java--camel--brunomendola": 4.1919932928107315e-05,
        "#java--camel--pingw33n": 4.1919932928107315e-05,
        "#java--camel--lholthof": 4.1919932928107315e-05,
        "#java--camel--nickbusy": 4.1919932928107315e-05,
        "#java--camel--avi5kdon": 4.1919932928107315e-05,
        "#java--camel--neoramon": 4.1919932928107315e-05,
        "#java--camel--jsight": 4.1919932928107315e-05,
        "#java--camel--jpav": 4.1919932928107315e-05,
        "#java--camel--sryll": 4.1919932928107315e-05,
        "#java--camel--eddi888": 4.1919932928107315e-05,
        "#java--camel--tveskrna": 4.1919932928107315e-05,
        "#java--camel--shailendra14k": 4.1919932928107315e-05,
        "#java--camel--PeterOsudio": 4.1919932928107315e-05,
        "#java--camel--tellisnz": 4.1919932928107315e-05,
        "#java--camel--basis42": 5.5893243904143086e-05,
        "#java--camel--JPMoresmau": 5.5893243904143086e-05,
        "#java--camel--drmaniac": 5.5893243904143086e-05,
        "#java--camel--swalendzik": 5.5893243904143086e-05,
        "#java--camel--slim-bean": 5.5893243904143086e-05,
        "#java--camel--player13": 5.5893243904143086e-05,
        "#java--camel--louisburton": 5.5893243904143086e-05,
        "#java--camel--rjakubco": 5.5893243904143086e-05,
        "#java--camel--DaniRey": 5.5893243904143086e-05,
        "#java--camel--mzapletal": 6.986655488017886e-05,
        "#java--camel--fogninid": 6.986655488017886e-05,
        "#java--camel--davidecavestro": 6.986655488017886e-05,
        "#java--camel--almondtools": 6.986655488017886e-05,
        "#java--camel--gessnerfl": 8.383986585621463e-05,
        "#java--camel--takanorig": 8.383986585621463e-05,
        "#java--camel--scriptease": 8.383986585621463e-05,
        "#java--camel--sermojohn": 8.383986585621463e-05,
        "#java--camel--lamperi": 8.383986585621463e-05,
        "#java--camel--transamericamoon": 9.78131768322504e-05,
        "#java--camel--damienb-opt": 9.78131768322504e-05,
        "#java--camel--tonswieb": 0.00011178648780828617,
        "#java--camel--aevangelista81": 0.00012575979878432194,
        "#java--camel--alxpark": 0.00012575979878432194,
        "#java--camel--espeandr": 0.00013973310976035772,
        "#java--camel--srcarrier": 0.00013973310976035772,
        "#java--camel--FingolfinTEK": 0.00013973310976035772,
        "#java--camel--pkletsko": 0.00013973310976035772,
        "#java--camel--adioss": 0.00013973310976035772,
        "#java--camel--tterm": 0.00013973310976035772,
        "#java--camel--manuelh9r": 0.0001537064207363935,
        "#java--camel--fgiloux": 0.0001537064207363935,
        "#java--camel--pvdbosch": 0.00016767973171242926,
        "#java--camel--artemse": 0.0001956263536645008,
        "#java--camel--PrzemyslawLenik": 0.0001956263536645008,
        "#java--camel--NickCis": 0.0001956263536645008,
        "#java--camel--chandra-h-bitd": 0.00020959966464053657,
        "#java--camel--Liroyd": 0.00020959966464053657,
        "#java--camel--admintest": 0.00020959966464053657,
        "#java--camel--jflabatBCSS": 0.00020959966464053657,
        "#java--camel--chris-jh": 0.00020959966464053657,
        "#java--camel--iliya-gr": 0.00022357297561657235,
        "#java--camel--tkopczynski": 0.00022357297561657235,
        "#java--camel--samratdhillon": 0.00023754628659260812,
        "#java--camel--stephanpelikan": 0.0002654929085446797,
        "#java--camel--InfoSec812": 0.00027946621952071543,
        "#java--camel--aefox": 0.00029343953049675123,
        "#java--camel--mswiderski": 0.0003213861524488228,
        "#java--camel--ank19": 0.0003353594634248585,
        "#java--camel--memaskal": 0.00037727939635296586,
        "#java--camel--brreitme": 0.0003912527073290016,
        "#java--camel--phantomjinx": 0.0004052260183050374,
        "#java--camel--javierholguera": 0.0004471459512331447,
        "#java--camel--alvinkwekel": 0.00047509257318521623,
        "#java--camel--henka-rl": 0.00047509257318521623,
        "#java--camel--jkorab": 0.000489065884161252,
        "#java--camel--cristianonicolai": 0.0005589324390414309,
        "#java--camel--sirlatrom": 0.0007266121707538601,
        "#java--camel--brmeyer": 0.0010899182561307902,
        "#java--camel--adessaigne": 0.0025151959756864388,
        "#java--camel--DavidValeri": 0.003018235170823727,
        "#java--camel--jstrachan": 0.06290784601411305
    },
    "daily_error_prone_developer": [
        "#java--camel--transamericamoon",
        "#java--camel--chandra-h-bitd",
        "#java--camel--iliya-gr",
        "#java--camel--tkopczynski",
        "#java--camel--samratdhillon",
        "#java--camel--phantomjinx",
        "#java--camel--henka-rl",
        "#java--camel--jkorab",
        "#java--camel--cristianonicolai",
        "#java--camel--sirlatrom",
        "#java--camel--brmeyer",
        "#java--camel--adessaigne",
        "#java--camel--DavidValeri",
        "#java--camel--jstrachan"
    ],
    "number_daily_error_prone_developer": 14
}