{
    "all_file_num": 12043,
    "error_developer_file_rate": {
        "#java--iotdb--wjr4hy": 0.0001660715768496222,
        "#java--iotdb--tieredblocks": 0.0001660715768496222,
        "#java--iotdb--limeng32": 0.0001660715768496222,
        "#java--iotdb--flesher0813": 0.0002491073652744333,
        "#java--iotdb--chenjun40": 0.0002491073652744333,
        "#java--iotdb--GLBB": 0.0003321431536992444,
        "#java--iotdb--leonardodalinky": 0.0004982147305488666,
        "#java--iotdb--wangyh-thss": 0.0005812505189736777,
        "#java--iotdb--ljn55966005": 0.0006642863073984888,
        "#java--iotdb--ShuanglinWu": 0.0006642863073984888,
        "#java--iotdb--dynamicDr": 0.0011625010379473554,
        "#java--iotdb--leety1228": 0.0015776799800714108,
        "#java--iotdb--Superainbower": 0.001743751556921033,
        "#java--iotdb--rhmangmang": 0.0021589304990450886,
        "#java--iotdb--MansteinLiliang": 0.002574109441169144,
        "#java--iotdb--imquanke": 0.002657145229593955,
        "#java--iotdb--SolomonAnn": 0.0030723241717180104,
        "#java--iotdb--WilliamSong112": 0.0030723241717180104,
        "#java--iotdb--yyt86": 0.0031553599601428215,
        "#java--iotdb--ruanwenjun": 0.003570538902266877,
        "#java--iotdb--yuqi1129": 0.003570538902266877,
        "#java--iotdb--yanhongwangg": 0.004151789421240555,
        "#java--iotdb--yx-zhang": 0.004899111517063855,
        "#java--iotdb--lyssom": 0.005065183093913477,
        "#java--iotdb--LIU-WEI-git": 0.005480362036037532,
        "#java--iotdb--xuanronaldo": 0.00606161255501121,
        "#java--iotdb--cigarl": 0.006975006227684132,
        "#java--iotdb--23931017wu": 0.007556256746657809,
        "#java--iotdb--haimeiguo": 0.008884829361454787,
        "#java--iotdb--zhanglingzhe0820": 0.015444656647014863,
        "#java--iotdb--jun0315": 0.016358050319687786,
        "#java--iotdb--cornmonster": 0.021091090259902016,
        "#java--iotdb--yschengzi": 0.021506269202026074,
        "#java--iotdb--RYH61": 0.02574109441169144,
        "#java--iotdb--MrQuansy": 0.026239309142240305,
        "#java--iotdb--little-emotion": 0.02806609648758615,
        "#java--iotdb--wshao08": 0.029228597525533504,
        "#java--iotdb--liuruiyiyang": 0.03147056381300341,
        "#java--iotdb--LeiRui": 0.035539317445819146,
        "#java--iotdb--SilverNarcissus": 0.039275927924935644,
        "#java--iotdb--fanhualta": 0.05123308145810845,
        "#java--iotdb--THUMarkLau": 0.05438844141825127,
        "#java--iotdb--Genius-pig": 0.06128041185751059,
        "#java--iotdb--SpriCoder": 0.06252594868388275,
        "#java--iotdb--samperson1997": 0.06692684547039775,
        "#java--iotdb--jt2594838": 0.08436436103960807,
        "#java--iotdb--JackieTien97": 0.1348501204018932
    },
    "daily_error_prone_developer": [
        "#java--iotdb--rhmangmang",
        "#java--iotdb--ruanwenjun",
        "#java--iotdb--yuqi1129",
        "#java--iotdb--yanhongwangg",
        "#java--iotdb--yx-zhang",
        "#java--iotdb--lyssom",
        "#java--iotdb--LIU-WEI-git",
        "#java--iotdb--xuanronaldo",
        "#java--iotdb--cigarl",
        "#java--iotdb--23931017wu",
        "#java--iotdb--haimeiguo",
        "#java--iotdb--zhanglingzhe0820",
        "#java--iotdb--jun0315",
        "#java--iotdb--cornmonster",
        "#java--iotdb--yschengzi",
        "#java--iotdb--RYH61",
        "#java--iotdb--MrQuansy",
        "#java--iotdb--little-emotion",
        "#java--iotdb--wshao08",
        "#java--iotdb--liuruiyiyang",
        "#java--iotdb--LeiRui",
        "#java--iotdb--SilverNarcissus",
        "#java--iotdb--fanhualta",
        "#java--iotdb--THUMarkLau",
        "#java--iotdb--Genius-pig",
        "#java--iotdb--SpriCoder",
        "#java--iotdb--samperson1997",
        "#java--iotdb--jt2594838",
        "#java--iotdb--JackieTien97"
    ],
    "number_daily_error_prone_developer": 29
}