{
    "high_bug_rate_error_prone_developer_number": 44,
    "high_bug_rate_error_prone_developer": {
        "#xml--cayenne--ollybondareva": 0.4,
        "#xml--cayenne--AlexandrShestak": 0.3333333333333333,
        "#xml--cayenne--const1993": 0.28888888888888886,
        "#xml--cayenne--nismooooooo": 0.2682926829268293,
        "#xml--cayenne--AlexKolonitsky": 0.2631578947368421,
        "#xml--cayenne--OlegKhodokevich": 0.25,
        "#xml--cayenne--emecas": 0.25,
        "#xml--cayenne--aplgithub": 0.25,
        "#xml--cayenne--": 0.2395693135935397,
        "#xml--cayenne--johnthuss": 0.22666666666666666,
        "#xml--cayenne--ari": 0.21311475409836064,
        "#xml--cxf--eberntsen": 2.0,
        "#xml--cxf--dalbothek": 2.0,
        "#xml--cxf--irisdingbj": 2.0,
        "#xml--cxf--steingebein": 1.5,
        "#xml--cxf--istudens": 1.5,
        "#xml--cxf--DavidValeri": 1.0454545454545454,
        "#xml--cxf--Sevyls": 1.0,
        "#xml--cxf--ropalka": 1.0,
        "#xml--cxf--CarlosPanarello": 1.0,
        "#xml--cxf--bmarwell": 1.0,
        "#xml--cxf--aonnikov": 1.0,
        "#xml--cxf--osvaldopina": 1.0,
        "#xml--cxf--kbuntrock": 1.0,
        "#xml--cxf--mmusaji": 1.0,
        "#xml--cxf--hexagon-ecosys": 0.8333333333333334,
        "#xml--cxf--K0zka": 0.6666666666666666,
        "#xml--cxf--gyoetam": 0.5,
        "#xml--cxf--TomasHofman": 0.5,
        "#xml--cxf--pellcorp": 0.5,
        "#xml--cxf--tadayosi": 0.5,
        "#xml--cxf--karlvr": 0.5,
        "#xml--cxf--paul-mcculloch": 0.5,
        "#xml--cxf--johnament": 0.45161290322580644,
        "#xml--cxf--jimma": 0.3888888888888889,
        "#xml--cxf--cschneider": 0.3370473537604457,
        "#xml--cxf--frelibert": 0.3333333333333333,
        "#xml--cxf--dmvolod": 0.3333333333333333,
        "#xml--cxf--grgrzybek": 0.3076923076923077,
        "#xml--cxf--bimargulies": 0.3016759776536313,
        "#xml--cxf--WillemJiang": 0.2868632707774799,
        "#xml--cxf--": 0.2855025200118589,
        "#xml--cxf--cyrille-leclerc": 0.2631578947368421,
        "#xml--cxf--ashakirin": 0.22641509433962265
    },
    "high_bug_commit_rate_error_prone_developer": {
        "#xml--cayenne--emecas": 0.75,
        "#xml--cayenne--AlexandrShestak": 0.4444444444444444,
        "#xml--cayenne--ollybondareva": 0.4,
        "#xml--cayenne--KravchenkoAS": 0.36363636363636365,
        "#xml--cayenne--nismooooooo": 0.2682926829268293,
        "#xml--cayenne--": 0.2597577388963661,
        "#xml--cayenne--OlegKhodokevich": 0.25,
        "#xml--cayenne--aplgithub": 0.25,
        "#xml--cayenne--const1993": 0.24444444444444444,
        "#xml--cayenne--johnthuss": 0.22666666666666666,
        "#xml--cayenne--AlexKolonitsky": 0.21052631578947367,
        "#xml--cayenne--faizel": 0.2,
        "#xml--cxf--eberntsen": 1.0,
        "#xml--cxf--Sevyls": 1.0,
        "#xml--cxf--ropalka": 1.0,
        "#xml--cxf--CarlosPanarello": 1.0,
        "#xml--cxf--steingebein": 1.0,
        "#xml--cxf--bmarwell": 1.0,
        "#xml--cxf--osvaldopina": 1.0,
        "#xml--cxf--dalbothek": 1.0,
        "#xml--cxf--kbuntrock": 1.0,
        "#xml--cxf--irisdingbj": 1.0,
        "#xml--cxf--mmusaji": 1.0,
        "#xml--cxf--hexagon-ecosys": 0.6666666666666666,
        "#xml--cxf--K0zka": 0.6666666666666666,
        "#xml--cxf--DavidValeri": 0.6363636363636364,
        "#xml--cxf--aonnikov": 0.5,
        "#xml--cxf--gyoetam": 0.5,
        "#xml--cxf--istudens": 0.5,
        "#xml--cxf--pellcorp": 0.5,
        "#xml--cxf--tadayosi": 0.5,
        "#xml--cxf--karlvr": 0.5,
        "#xml--cxf--paul-mcculloch": 0.5,
        "#xml--cxf--frelibert": 0.3333333333333333,
        "#xml--cxf--TomasHofman": 0.3333333333333333,
        "#xml--cxf--dmvolod": 0.3333333333333333,
        "#xml--cxf--": 0.3169285502520012,
        "#xml--cxf--jimma": 0.3148148148148148,
        "#xml--cxf--grgrzybek": 0.3076923076923077,
        "#xml--cxf--johnament": 0.2903225806451613,
        "#xml--cxf--cyrille-leclerc": 0.2631578947368421,
        "#xml--cxf--bimargulies": 0.26256983240223464,
        "#xml--cxf--elakito": 0.24279835390946503,
        "#xml--cxf--cschneider": 0.20891364902506965
    },
    "error_prone_developer_num": 41,
    "error_prone_developer": [
        "#xml--cayenne--ollybondareva",
        "#xml--cayenne--AlexandrShestak",
        "#xml--cayenne--const1993",
        "#xml--cayenne--nismooooooo",
        "#xml--cayenne--AlexKolonitsky",
        "#xml--cayenne--OlegKhodokevich",
        "#xml--cayenne--emecas",
        "#xml--cayenne--aplgithub",
        "#xml--cayenne--",
        "#xml--cayenne--johnthuss",
        "#xml--cxf--eberntsen",
        "#xml--cxf--dalbothek",
        "#xml--cxf--irisdingbj",
        "#xml--cxf--steingebein",
        "#xml--cxf--istudens",
        "#xml--cxf--DavidValeri",
        "#xml--cxf--Sevyls",
        "#xml--cxf--ropalka",
        "#xml--cxf--CarlosPanarello",
        "#xml--cxf--bmarwell",
        "#xml--cxf--aonnikov",
        "#xml--cxf--osvaldopina",
        "#xml--cxf--kbuntrock",
        "#xml--cxf--mmusaji",
        "#xml--cxf--hexagon-ecosys",
        "#xml--cxf--K0zka",
        "#xml--cxf--gyoetam",
        "#xml--cxf--TomasHofman",
        "#xml--cxf--pellcorp",
        "#xml--cxf--tadayosi",
        "#xml--cxf--karlvr",
        "#xml--cxf--paul-mcculloch",
        "#xml--cxf--johnament",
        "#xml--cxf--jimma",
        "#xml--cxf--cschneider",
        "#xml--cxf--frelibert",
        "#xml--cxf--dmvolod",
        "#xml--cxf--grgrzybek",
        "#xml--cxf--bimargulies",
        "#xml--cxf--",
        "#xml--cxf--cyrille-leclerc"
    ],
    "team_developer_num": 308,
    "#xml-aver_bug_rate": 0.21311475409836064,
    "#xml-aver_bug_commit_rate": 0.2,
    "error_prone_developer_team_rate": 0.1331168831168831,
    "high_bug_commit_rate_error_prone_developer_number": 44
}