{
    "all_file_num": 71565,
    "error_developer_file_rate": {
        "#library--camel--Sw1m1k": 1.3973310976035772e-05,
        "#library--camel--trrosa": 1.3973310976035772e-05,
        "#library--camel--kahowell": 1.3973310976035772e-05,
        "#library--camel--Drezir": 1.3973310976035772e-05,
        "#library--camel--elomonosov": 1.3973310976035772e-05,
        "#library--camel--muellerch2293": 1.3973310976035772e-05,
        "#library--camel--richardgroote": 1.3973310976035772e-05,
        "#library--camel--shaipan": 1.3973310976035772e-05,
        "#library--camel--hmlnarik": 1.3973310976035772e-05,
        "#library--camel--krzysztof-mackowiak": 1.3973310976035772e-05,
        "#library--camel--ccancellieri": 1.3973310976035772e-05,
        "#library--camel--nryanov": 1.3973310976035772e-05,
        "#library--camel--sogabeseiji": 1.3973310976035772e-05,
        "#library--camel--sintezcs": 1.3973310976035772e-05,
        "#library--camel--driseley": 1.3973310976035772e-05,
        "#library--camel--grigoriadis": 1.3973310976035772e-05,
        "#library--camel--barthorre": 1.3973310976035772e-05,
        "#library--camel--pulse00": 1.3973310976035772e-05,
        "#library--camel--andmoos": 1.3973310976035772e-05,
        "#library--camel--nathanwray": 1.3973310976035772e-05,
        "#library--camel--avi5kdonrh": 2.7946621952071543e-05,
        "#library--camel--anestoruk": 2.7946621952071543e-05,
        "#library--camel--rikvb": 2.7946621952071543e-05,
        "#library--camel--antonkrosnev": 2.7946621952071543e-05,
        "#library--camel--dimizuno": 2.7946621952071543e-05,
        "#library--camel--derekwilhelm": 2.7946621952071543e-05,
        "#library--camel--jataylor2012": 2.7946621952071543e-05,
        "#library--camel--msparer": 2.7946621952071543e-05,
        "#library--camel--awgtek": 2.7946621952071543e-05,
        "#library--camel--nick-pww": 2.7946621952071543e-05,
        "#library--camel--bduisenov": 2.7946621952071543e-05,
        "#library--camel--Maurice-Betzel": 4.1919932928107315e-05,
        "#library--camel--vasilievip": 4.1919932928107315e-05,
        "#library--camel--nikhilvibhav": 4.1919932928107315e-05,
        "#library--camel--cgpoh": 4.1919932928107315e-05,
        "#library--camel--xfournet": 4.1919932928107315e-05,
        "#library--camel--brunomendola": 4.1919932928107315e-05,
        "#library--camel--pingw33n": 4.1919932928107315e-05,
        "#library--camel--lholthof": 4.1919932928107315e-05,
        "#library--camel--xldai": 4.1919932928107315e-05,
        "#library--camel--nickbusy": 4.1919932928107315e-05,
        "#library--camel--avi5kdon": 4.1919932928107315e-05,
        "#library--camel--neoramon": 4.1919932928107315e-05,
        "#library--camel--jsight": 4.1919932928107315e-05,
        "#library--camel--jpav": 4.1919932928107315e-05,
        "#library--camel--sryll": 4.1919932928107315e-05,
        "#library--camel--eddi888": 4.1919932928107315e-05,
        "#library--camel--tveskrna": 4.1919932928107315e-05,
        "#library--camel--shailendra14k": 4.1919932928107315e-05,
        "#library--camel--PeterOsudio": 4.1919932928107315e-05,
        "#library--camel--tellisnz": 4.1919932928107315e-05,
        "#library--camel--basis42": 5.5893243904143086e-05,
        "#library--camel--leoprince": 5.5893243904143086e-05,
        "#library--camel--JPMoresmau": 5.5893243904143086e-05,
        "#library--camel--drmaniac": 5.5893243904143086e-05,
        "#library--camel--swalendzik": 5.5893243904143086e-05,
        "#library--camel--slim-bean": 5.5893243904143086e-05,
        "#library--camel--player13": 5.5893243904143086e-05,
        "#library--camel--louisburton": 5.5893243904143086e-05,
        "#library--camel--rjakubco": 5.5893243904143086e-05,
        "#library--camel--DaniRey": 5.5893243904143086e-05,
        "#library--camel--mzapletal": 6.986655488017886e-05,
        "#library--camel--fogninid": 6.986655488017886e-05,
        "#library--camel--Thopap": 6.986655488017886e-05,
        "#library--camel--davidecavestro": 6.986655488017886e-05,
        "#library--camel--almondtools": 6.986655488017886e-05,
        "#library--camel--gessnerfl": 8.383986585621463e-05,
        "#library--camel--lhein": 8.383986585621463e-05,
        "#library--camel--takanorig": 8.383986585621463e-05,
        "#library--camel--scriptease": 8.383986585621463e-05,
        "#library--camel--sermojohn": 8.383986585621463e-05,
        "#library--camel--jmandawg": 8.383986585621463e-05,
        "#library--camel--lamperi": 8.383986585621463e-05,
        "#library--camel--transamericamoon": 9.78131768322504e-05,
        "#library--camel--damienb-opt": 9.78131768322504e-05,
        "#library--camel--tonswieb": 0.00011178648780828617,
        "#library--camel--aevangelista81": 0.00012575979878432194,
        "#library--camel--alxpark": 0.00012575979878432194,
        "#library--camel--kblees": 0.00012575979878432194,
        "#library--camel--espeandr": 0.00013973310976035772,
        "#library--camel--srcarrier": 0.00013973310976035772,
        "#library--camel--FingolfinTEK": 0.00013973310976035772,
        "#library--camel--pkletsko": 0.00013973310976035772,
        "#library--camel--Rajani-K": 0.00013973310976035772,
        "#library--camel--drsquidop": 0.00013973310976035772,
        "#library--camel--adioss": 0.00013973310976035772,
        "#library--camel--tterm": 0.00013973310976035772,
        "#library--camel--manuelh9r": 0.0001537064207363935,
        "#library--camel--bgaudaen": 0.0001537064207363935,
        "#library--camel--eidottermihi": 0.0001537064207363935,
        "#library--camel--fgiloux": 0.0001537064207363935,
        "#library--camel--rgala": 0.00016767973171242926,
        "#library--camel--sarhaynes": 0.00016767973171242926,
        "#library--camel--pvdbosch": 0.00016767973171242926,
        "#library--camel--ge0ffrey": 0.0001956263536645008,
        "#library--camel--artemse": 0.0001956263536645008,
        "#library--camel--PrzemyslawLenik": 0.0001956263536645008,
        "#library--camel--NickCis": 0.0001956263536645008,
        "#library--camel--chandra-h-bitd": 0.00020959966464053657,
        "#library--camel--Liroyd": 0.00020959966464053657,
        "#library--camel--admintest": 0.00020959966464053657,
        "#library--camel--jflabatBCSS": 0.00020959966464053657,
        "#library--camel--chris-jh": 0.00020959966464053657,
        "#library--camel--iliya-gr": 0.00022357297561657235,
        "#library--camel--tkopczynski": 0.00022357297561657235,
        "#library--camel--samratdhillon": 0.00023754628659260812,
        "#library--camel--stephanpelikan": 0.0002654929085446797,
        "#library--camel--bonnetb": 0.0002654929085446797,
        "#library--camel--InfoSec812": 0.00027946621952071543,
        "#library--camel--christian-posta": 0.00029343953049675123,
        "#library--camel--aefox": 0.00029343953049675123,
        "#library--camel--mswiderski": 0.0003213861524488228,
        "#library--camel--ank19": 0.0003353594634248585,
        "#library--camel--masahoriyama-toast": 0.0003493327744008943,
        "#library--camel--memaskal": 0.00037727939635296586,
        "#library--camel--brreitme": 0.0003912527073290016,
        "#library--camel--phantomjinx": 0.0004052260183050374,
        "#library--camel--dpocock": 0.00043317264025710895,
        "#library--camel--jwcarman": 0.00043317264025710895,
        "#library--camel--javierholguera": 0.0004471459512331447,
        "#library--camel--alvinkwekel": 0.00047509257318521623,
        "#library--camel--henka-rl": 0.00047509257318521623,
        "#library--camel--jkorab": 0.000489065884161252,
        "#library--camel--cristianonicolai": 0.0005589324390414309,
        "#library--camel--sirlatrom": 0.0007266121707538601,
        "#library--camel--brmeyer": 0.0010899182561307902,
        "#library--camel--bobpaulin": 0.0012995179207713268,
        "#library--camel--snurmine": 0.0014392510305316845,