{
    "all_file_num": 11658,
    "error_developer_file_rate": {
        "#library--groovy--DarioArena87": 8.577800651912849e-05,
        "#library--groovy--PatriTornVincit": 8.577800651912849e-05,
        "#library--groovy--jochenberger": 8.577800651912849e-05,
        "#library--groovy--ywelsch": 8.577800651912849e-05,
        "#library--groovy--belkaram": 8.577800651912849e-05,
        "#library--groovy--ksuderman": 8.577800651912849e-05,
        "#library--groovy--dkobylarz": 8.577800651912849e-05,
        "#library--groovy--johnnywey": 8.577800651912849e-05,
        "#library--groovy--marcingrzejszczak": 0.00017155601303825698,
        "#library--groovy--michal-mally": 0.00017155601303825698,
        "#library--groovy--MeneDev": 0.0002573340195573855,
        "#library--groovy--tiagofernandez": 0.0002573340195573855,
        "#library--groovy--christiaantk": 0.0002573340195573855,
        "#library--groovy--kohsuke": 0.0002573340195573855,
        "#library--groovy--ecerulm": 0.00034311202607651396,
        "#library--groovy--daspilker": 0.00034311202607651396,
        "#library--groovy--avafanasiev": 0.000514668039114771,
        "#library--groovy--alien11689": 0.000514668039114771,
        "#library--groovy--mgroovy": 0.000514668039114771,
        "#library--groovy--scottstirling": 0.000514668039114771,
        "#library--groovy--mbjarland": 0.0006004460456338995,
        "#library--groovy--pickypg": 0.0006004460456338995,
        "#library--groovy--graemerocher": 0.0006862240521530279,
        "#library--groovy--antsmartian": 0.0007720020586721565,
        "#library--groovy--Ten000hours": 0.0008577800651912849,
        "#library--groovy--rose00": 0.0008577800651912849,
        "#library--groovy--dkhamitov": 0.0009435580717104135,
        "#library--groovy--franckrasolo": 0.001029336078229542,
        "#library--groovy--ataylor284": 0.0011151140847486705,
        "#library--groovy--meling": 0.001200892091267799,
        "#library--groovy--stalb": 0.0012866700977869274,
        "#library--groovy--ldaley": 0.0014582261108251845,
        "#library--groovy--nickgrealy": 0.001544004117344313,
        "#library--groovy--johnbhurst": 0.001544004117344313,
        "#library--groovy--jbaumann": 0.001972894149939955,
        "#library--groovy--fpavageau": 0.002058672156459084,
        "#library--groovy--vmj": 0.002058672156459084,
        "#library--groovy--RichardHightower": 0.0025733401955738548,
        "#library--groovy--vladimirvivien": 0.004203122319437296,
        "#library--groovy--MammatusPlatypus": 0.004889346371590325,
        "#library--groovy--shils": 0.00789157659975982,
        "#library--groovy--jimwhite": 0.008406244638874592,
        "#library--groovy--spullara": 0.009435580717104134,
        "#library--groovy--jeremyrayner": 0.021444501629782124,
        "#library--groovy--andresteingress": 0.030365414307771486,
        "#library--groovy--roshandawrani": 0.03379653456853663,
        "#library--groovy--alextkachman": 0.06253216675244468,
        "#library--groovy--eric-milles": 0.08226110825184423,
        "#library--groovy--blackdrag": 0.10113226968605249,
        "#library--groovy--jstrachan": 0.13630125235889518,
        "#library--groovy--melix": 0.17404357522731173
    },
    "daily_error_prone_developer": [
        "#library--groovy--scottstirling",
        "#library--groovy--mbjarland",
        "#library--groovy--graemerocher",
        "#library--groovy--rose00",
        "#library--groovy--ataylor284",
        "#library--groovy--meling",
        "#library--groovy--jbaumann",
        "#library--groovy--fpavageau",
        "#library--groovy--vmj",
        "#library--groovy--MammatusPlatypus",
        "#library--groovy--shils",
        "#library--groovy--jimwhite",
        "#library--groovy--spullara",
        "#library--groovy--jeremyrayner",
        "#library--groovy--andresteingress",
        "#library--groovy--roshandawrani",
        "#library--groovy--alextkachman",
        "#library--groovy--eric-milles",
        "#library--groovy--blackdrag",
        "#library--groovy--jstrachan",
        "#library--groovy--melix"
    ],
    "number_daily_error_prone_developer": 21
}