{
    "all_file_num": 5444,
    "error_developer_file_rate": {
        "#library--hudi--hk-lrzy": 0.0001836884643644379,
        "#library--hudi--firecast": 0.0001836884643644379,
        "#library--hudi--Matrix42": 0.0003673769287288758,
        "#library--hudi--marchpure": 0.0003673769287288758,
        "#library--hudi--nisheet195": 0.0003673769287288758,
        "#library--hudi--RonBarabash": 0.0003673769287288758,
        "#library--hudi--jaimin-shah": 0.0003673769287288758,
        "#library--hudi--shangxinli": 0.0003673769287288758,
        "#library--hudi--nateradtke": 0.0005510653930933138,
        "#library--hudi--milantracy": 0.0005510653930933138,
        "#library--hudi--low-on-mana": 0.0005510653930933138,
        "#library--hudi--kk17": 0.0007347538574577516,
        "#library--hudi--JerryYue-M": 0.0007347538574577516,
        "#library--hudi--rolandjohann": 0.0007347538574577516,
        "#library--hudi--Yungthuis": 0.0007347538574577516,
        "#library--hudi--peanut-chenzhong": 0.0007347538574577516,
        "#library--hudi--linshan-ma": 0.0007347538574577516,
        "#library--hudi--eisig": 0.0007347538574577516,
        "#library--hudi--kaka11chen": 0.0007347538574577516,
        "#library--hudi--zhangminglei": 0.0009184423218221896,
        "#library--hudi--zherenyu831": 0.0009184423218221896,
        "#library--hudi--junyuc25": 0.0011021307861866275,
        "#library--hudi--teeyog": 0.0011021307861866275,
        "#library--hudi--ffcchi": 0.0011021307861866275,
        "#library--hudi--suniluber": 0.0011021307861866275,
        "#library--hudi--davehagman": 0.0012858192505510655,
        "#library--hudi--Nieal-Yang": 0.0012858192505510655,
        "#library--hudi--pseudomuto": 0.0012858192505510655,
        "#library--hudi--yaooqinn": 0.0012858192505510655,
        "#library--hudi--harsh1231": 0.0014695077149155032,
        "#library--hudi--luoyajun10": 0.0016531961792799412,
        "#library--hudi--hj2016": 0.0016531961792799412,
        "#library--hudi--todd5167": 0.0016531961792799412,
        "#library--hudi--li36909": 0.0016531961792799412,
        "#library--hudi--guykhazma": 0.0018368846436443791,
        "#library--hudi--lanyuanxiaoyao": 0.002020573108008817,
        "#library--hudi--Karl-WangSK": 0.002020573108008817,
        "#library--hudi--ssdong": 0.002204261572373255,
        "#library--hudi--RocMarshal": 0.002204261572373255,
        "#library--hudi--sreeram26": 0.002204261572373255,
        "#library--hudi--leoluan2009": 0.002204261572373255,
        "#library--hudi--gekath": 0.002204261572373255,
        "#library--hudi--wxplovecc": 0.002387950036737693,
        "#library--hudi--Carl-Zhou-CN": 0.002571638501102131,
        "#library--hudi--rmpifer": 0.002755326965466569,
        "#library--hudi--v3nkatesh": 0.0029390154298310064,
        "#library--hudi--sbernauer": 0.0029390154298310064,
        "#library--hudi--manasaks": 0.0029390154298310064,
        "#library--hudi--OpenOpened": 0.0029390154298310064,
        "#library--hudi--siddharthagunda": 0.0029390154298310064,
        "#library--hudi--leletan": 0.0031227038941954444,
        "#library--hudi--parisni": 0.0033063923585598823,
        "#library--hudi--stayrascal": 0.0034900808229243203,
        "#library--hudi--afilipchik": 0.003857457751653196,
        "#library--hudi--vburenin": 0.004041146216017634,
        "#library--hudi--kaushikd49": 0.004041146216017634,
        "#library--hudi--dengziming": 0.004224834680382072,
        "#library--hudi--kwondw": 0.00440852314474651,
        "#library--hudi--dugenkui03": 0.004592211609110948,
        "#library--hudi--veenaypatil": 0.005143277002204262,
        "#library--hudi--nbalajee": 0.005510653930933138,
        "#library--hudi--ramachandranms": 0.006061719324026451,
        "#library--hudi--bschell": 0.006245407788390889,
        "#library--hudi--ovj": 0.0073475385745775165,
        "#library--hudi--jsbali": 0.007531227038941954,
        "#library--hudi--vingov": 0.00789860396767083,
        "#library--hudi--jianxu": 0.008265980896399705,
        "#library--hudi--jintaoguan": 0.009000734753857457,
        "#library--hudi--SteNicholas": 0.014695077149155033,
        "#library--hudi--cuibo01": 0.015062454077883909,
        "#library--hudi--swuferhong": 0.01653196179279941,
        "#library--hudi--hddong": 0.019470977222630418,
        "#library--hudi--liujinhui1994": 0.02204261572373255,
        "#library--hudi--zhangyue19921010": 0.02351212343864805,
        "#library--hudi--manojpec": 0.025349008082292433,
        "#library--hudi--shenh062326": 0.02718589272593681,
        "#library--hudi--pratyakshsharma": 0.029757531227038943,
        "#library--hudi--lw309637554": 0.029757531227038943,
        "#library--hudi--yuzhaojing": 0.03306392358559882,
        "#library--hudi--XuQianJin-Stars": 0.03692138133725202,
        "#library--hudi--satishkotha": 0.0387582659808964,
        "#library--hudi--prashantwason": 0.0494121969140338,
        "#library--hudi--zhedoubushishi": 0.06208670095518001,
        "#library--hudi--codope": 0.07806759735488611,
        "#library--hudi--umehrot2": 0.08339456282145481,
        "#library--hudi--n3nash": 0.08633357825128582,
        "#library--hudi--alexeykudinkin": 0.12729610580455547,
        "#library--hudi--xushiyan": 0.14272593681116827,
        "#library--hudi--danny0405": 0.14695077149155034,
        "#library--hudi--nsivabalan": 0.16146216017634094,
        "#library--hudi--bvaradar": 0.21179279941219692
    },
    "daily_error_prone_developer": [
        "#library--hudi--hj2016",
        "#library--hudi--RocMarshal",
        "#library--hudi--wxplovecc",
        "#library--hudi--rmpifer",
        "#library--hudi--parisni",
        "#library--hudi--afilipchik",
        "#library--hudi--vburenin",
        "#library--hudi--dugenkui03",
        "#library--hudi--veenaypatil",
        "#library--hudi--nbalajee",
        "#library--hudi--ovj",
        "#library--hudi--jsbali",
        "#library--hudi--vingov",
        "#library--hudi--jianxu",
        "#library--hudi--SteNicholas",
        "#library--hudi--cuibo01",
        "#library--hudi--swuferhong",
        "#library--hudi--hddong",
        "#library--hudi--liujinhui1994",
        "#library--hudi--zhangyue19921010",
        "#library--hudi--manojpec",
        "#library--hudi--shenh062326",
        "#library--hudi--pratyakshsharma",
        "#library--hudi--lw309637554",
        "#library--hudi--yuzhaojing",
        "#library--hudi--XuQianJin-Stars",
        "#library--hudi--satishkotha",
        "#library--hudi--prashantwason",
        "#library--hudi--zhedoubushishi",
        "#library--hudi--codope",
        "#library--hudi--umehrot2",
        "#library--hudi--n3nash",
        "#library--hudi--alexeykudinkin",
        "#library--hudi--xushiyan",
        "#library--hudi--danny0405",
        "#library--hudi--nsivabalan",
        "#library--hudi--bvaradar"
    ],
    "number_daily_error_prone_developer": 37
}