{
    "all_file_num": 23730,
    "error_developer_file_rate": {
        "#big-data--beam--nahuellofeudo": 4.2140750105351876e-05,
        "#big-data--beam--samaitra": 4.2140750105351876e-05,
        "#big-data--beam--derekunimarket": 4.2140750105351876e-05,
        "#big-data--beam--gxercavins": 4.2140750105351876e-05,
        "#big-data--beam--vladum": 4.2140750105351876e-05,
        "#big-data--beam--mottyg1": 8.428150021070375e-05,
        "#big-data--beam--gdubya": 8.428150021070375e-05,
        "#big-data--beam--mouyang": 8.428150021070375e-05,
        "#big-data--beam--Shnitz": 8.428150021070375e-05,
        "#big-data--beam--vglocus": 8.428150021070375e-05,
        "#big-data--beam--tjunderhill": 8.428150021070375e-05,
        "#big-data--beam--matthewrj": 8.428150021070375e-05,
        "#big-data--beam--varundhussa": 8.428150021070375e-05,
        "#big-data--beam--vvarma": 8.428150021070375e-05,
        "#big-data--beam--anupd22": 8.428150021070375e-05,
        "#big-data--beam--danayakapura": 8.428150021070375e-05,
        "#big-data--beam--amarouni": 0.00012642225031605562,
        "#big-data--beam--srfrnk": 0.00012642225031605562,
        "#big-data--beam--johnmac-ibm": 0.00012642225031605562,
        "#big-data--beam--pawel-kaczmarczyk": 0.00012642225031605562,
        "#big-data--beam--jwills": 0.00012642225031605562,
        "#big-data--beam--clairemcginty": 0.0001685630004214075,
        "#big-data--beam--pareshsarafmdb": 0.0001685630004214075,
        "#big-data--beam--fabienrousseau": 0.0001685630004214075,
        "#big-data--beam--mdshalda": 0.0001685630004214075,
        "#big-data--beam--sandboxws": 0.00021070375052675939,
        "#big-data--beam--PawasChhokra": 0.00021070375052675939,
        "#big-data--beam--dennishuo": 0.00021070375052675939,
        "#big-data--beam--ziel": 0.00025284450063211124,
        "#big-data--beam--jeffkpayne": 0.00025284450063211124,
        "#big-data--beam--snallapa": 0.00025284450063211124,
        "#big-data--beam--Grypse": 0.00025284450063211124,
        "#big-data--beam--aalbatross": 0.00025284450063211124,
        "#big-data--beam--yuppie-flu": 0.00025284450063211124,
        "#big-data--beam--gamolina": 0.00025284450063211124,
        "#big-data--beam--JawadHyder": 0.000337126000842815,
        "#big-data--beam--lucasallan": 0.000337126000842815,
        "#big-data--beam--Akshay-Iyangar": 0.0003792667509481669,
        "#big-data--beam--palmere-google": 0.0003792667509481669,
        "#big-data--beam--gkumar7": 0.00042140750105351877,
        "#big-data--beam--peay": 0.00046354825115887065,
        "#big-data--beam--adejanovski": 0.00046354825115887065,
        "#big-data--beam--StephanEwen": 0.0005478297513695744,
        "#big-data--beam--gene-telligent": 0.0005899705014749262,
        "#big-data--beam--mizitch": 0.0005899705014749262,
        "#big-data--beam--juanitodread": 0.0005899705014749262,
        "#big-data--beam--aiyangar-godaddy": 0.00067425200168563,
        "#big-data--beam--charithe": 0.0007585335018963338,
        "#big-data--beam--dennisylyung": 0.0009270965023177413,
        "#big-data--beam--RaphaelSanamyan": 0.0009692372524230931,
        "#big-data--beam--mattrudary": 0.001053518752633797,
        "#big-data--beam--smarthi": 0.0012220817530552044,
        "#big-data--beam--lhaiesp": 0.0018963337547408343,
        "#big-data--beam--radhika-kulkarni": 0.0018963337547408343,
        "#big-data--beam--cmachgodaddy": 0.002107037505267594,
        "#big-data--beam--axelmagn": 0.002402022756005057,
        "#big-data--beam--jfarr": 0.00269700800674252,
        "#big-data--beam--salmanVD": 0.0032026970080067424,
        "#big-data--beam--JingsongLi": 0.005436156763590392,
        "#big-data--beam--bsidhom": 0.006363253265908133,
        "#big-data--beam--aviemzur": 0.007585335018963337
    },
    "daily_error_prone_developer": [
        "#big-data--beam--gkumar7",
        "#big-data--beam--charithe",
        "#big-data--beam--lhaiesp",
        "#big-data--beam--cmachgodaddy",
        "#big-data--beam--axelmagn",
        "#big-data--beam--JingsongLi",
        "#big-data--beam--bsidhom",
        "#big-data--beam--aviemzur"
    ],
    "number_daily_error_prone_developer": 8
}