{
    "all_file_num": 5931,
    "error_developer_file_rate": {
        "#big-data--calcite--chrisdpa": 0.0001686056314280897,
        "#big-data--calcite--shikhasomani": 0.0001686056314280897,
        "#big-data--calcite--fageiguanbing": 0.0001686056314280897,
        "#big-data--calcite--THeinemann": 0.0001686056314280897,
        "#big-data--calcite--dynamix": 0.0001686056314280897,
        "#big-data--calcite--darionyaphet": 0.0001686056314280897,
        "#big-data--calcite--amihalik": 0.0001686056314280897,
        "#big-data--calcite--wgorman": 0.0001686056314280897,
        "#big-data--calcite--batytskyy": 0.0003372112628561794,
        "#big-data--calcite--JackyWoo": 0.0003372112628561794,
        "#big-data--calcite--Lerm": 0.0003372112628561794,
        "#big-data--calcite--dijkspicy": 0.0003372112628561794,
        "#big-data--calcite--lxian": 0.0003372112628561794,
        "#big-data--calcite--AlonEldar89": 0.0003372112628561794,
        "#big-data--calcite--markap14": 0.0003372112628561794,
        "#big-data--calcite--danielcooperxyz": 0.0003372112628561794,
        "#big-data--calcite--jcentenn": 0.0003372112628561794,
        "#big-data--calcite--navis": 0.0003372112628561794,
        "#big-data--calcite--wseidel": 0.0003372112628561794,
        "#big-data--calcite--Serhii-Harnyk": 0.0005058168942842691,
        "#big-data--calcite--Xpray": 0.0005058168942842691,
        "#big-data--calcite--korlov42": 0.0005058168942842691,
        "#big-data--calcite--rmunjam": 0.0005058168942842691,
        "#big-data--calcite--jswett77": 0.0005058168942842691,
        "#big-data--calcite--samwagg": 0.0005058168942842691,
        "#big-data--calcite--weidong3630": 0.0005058168942842691,
        "#big-data--calcite--arunmahadevan": 0.0005058168942842691,
        "#big-data--calcite--ebastien": 0.0005058168942842691,
        "#big-data--calcite--helloppx": 0.0005058168942842691,
        "#big-data--calcite--jpullokkaran": 0.0005058168942842691,
        "#big-data--calcite--lmagic233": 0.0005058168942842691,
        "#big-data--calcite--gierlachg": 0.0005058168942842691,
        "#big-data--calcite--ipatina": 0.0005058168942842691,
        "#big-data--calcite--seancxmao": 0.0005058168942842691,
        "#big-data--calcite--jganoff": 0.0005058168942842691,
        "#big-data--calcite--lalinsky": 0.0005058168942842691,
        "#big-data--calcite--yingyuwang": 0.0006744225257123588,
        "#big-data--calcite--atris": 0.0006744225257123588,
        "#big-data--calcite--KulykRoman": 0.0006744225257123588,
        "#big-data--calcite--vladimirtkach": 0.0006744225257123588,
        "#big-data--calcite--lfkpoa": 0.0006744225257123588,
        "#big-data--calcite--andygrove": 0.0006744225257123588,
        "#big-data--calcite--sudheeshkatkam": 0.0006744225257123588,
        "#big-data--calcite--ch33hau": 0.0006744225257123588,
        "#big-data--calcite--hzyuemeng1": 0.0006744225257123588,
        "#big-data--calcite--VcamX": 0.0006744225257123588,
        "#big-data--calcite--lmccay": 0.0006744225257123588,
        "#big-data--calcite--devth": 0.0006744225257123588,
        "#big-data--calcite--thomasbanghart": 0.0008430281571404484,
        "#big-data--calcite--dhirenda-gautam": 0.0008430281571404484,
        "#big-data--calcite--soma-mondal": 0.0008430281571404484,
        "#big-data--calcite--yiming187": 0.0008430281571404484,
        "#big-data--calcite--matthewshaer": 0.0008430281571404484,
        "#big-data--calcite--jszeluga": 0.0008430281571404484,
        "#big-data--calcite--vladimirdolzhenko": 0.0008430281571404484,
        "#big-data--calcite--martijn-basesoft": 0.0008430281571404484,
        "#big-data--calcite--catfishlar": 0.0008430281571404484,
        "#big-data--calcite--zuozhiw": 0.0010116337885685382,
        "#big-data--calcite--jibiyr": 0.0010116337885685382,
        "#big-data--calcite--HuangZhenQiu": 0.0010116337885685382,
        "#big-data--calcite--sergeyT2": 0.0010116337885685382,
        "#big-data--calcite--praveenbingo": 0.0010116337885685382,
        "#big-data--calcite--axeisghost": 0.0010116337885685382,
        "#big-data--calcite--lucboudreau": 0.0010116337885685382,
        "#big-data--calcite--KurtYoung": 0.0011802394199966278,
        "#big-data--calcite--alex-plekhanov": 0.0011802394199966278,
        "#big-data--calcite--rmetzger": 0.0011802394199966278,
        "#big-data--calcite--stutigupta028": 0.0011802394199966278,
        "#big-data--calcite--BenoitHanotte": 0.0011802394199966278,
        "#big-data--calcite--shlok7296": 0.0011802394199966278,
        "#big-data--calcite--yssharma": 0.0011802394199966278,
        "#big-data--calcite--pengchengxiong": 0.0013488450514247176,
        "#big-data--calcite--XintaoLiao": 0.0013488450514247176,
        "#big-data--calcite--ambition119": 0.0013488450514247176,
        "#big-data--calcite--jduo": 0.0013488450514247176,
        "#big-data--calcite--baunz": 0.0013488450514247176,
        "#big-data--calcite--LaiZhou": 0.0013488450514247176,
        "#big-data--calcite--dawidwys": 0.0013488450514247176,
        "#big-data--calcite--chadasa": 0.0013488450514247176,
        "#big-data--calcite--jaltekruse": 0.0013488450514247176,
        "#big-data--calcite--jyates": 0.0013488450514247176,
        "#big-data--calcite--flink-sql": 0.0015174506828528073,
        "#big-data--calcite--zstan": 0.0015174506828528073,
        "#big-data--calcite--dkadams": 0.0015174506828528073,
        "#big-data--calcite--vdiravka": 0.001686056314280897,
        "#big-data--calcite--rtudoran": 0.001686056314280897,
        "#big-data--calcite--LeoWangLZ": 0.001686056314280897,
        "#big-data--calcite--kramerul": 0.001686056314280897,
        "#big-data--calcite--gaodayue": 0.001686056314280897,
        "#big-data--calcite--kasakrisz": 0.0018546619457089867,
        "#big-data--calcite--jbalint": 0.0018546619457089867,
        "#big-data--calcite--msydoron": 0.0018546619457089867,
        "#big-data--calcite--abbas-gadhia": 0.0018546619457089867,
        "#big-data--calcite--KhawlaMhb": 0.0020232675771370764,
        "#big-data--calcite--KazydubB": 0.0020232675771370764,
        "#big-data--calcite--rajrahul": 0.0020232675771370764,
        "#big-data--calcite--javanlion": 0.0020232675771370764,
        "#big-data--calcite--hustfxj": 0.002191873208565166,
        "#big-data--calcite--malcolmtaylor": 0.002191873208565166,
        "#big-data--calcite--arina-ielchiieva": 0.0023604788399932556,
        "#big-data--calcite--jxiang": 0.0023604788399932556,
        "#big-data--calcite--docete": 0.0025290844714213456,
        "#big-data--calcite--ashutoshc": 0.0025290844714213456,
        "#big-data--calcite--thomasrebele": 0.0025290844714213456,
        "#big-data--calcite--wangxlong": 0.0025290844714213456,
        "#big-data--calcite--lameyer": 0.0025290844714213456,
        "#big-data--calcite--fib-seq": 0.0025290844714213456,
        "#big-data--calcite--chunhui-shi": 0.002697690102849435,
        "#big-data--calcite--siddharthteotia": 0.002697690102849435,
        "#big-data--calcite--hequn8128": 0.002697690102849435,
        "#big-data--calcite--shimamoto": 0.002697690102849435,
        "#big-data--calcite--milinda": 0.0028662957342775247,
        "#big-data--calcite--sunjincheng121": 0.0028662957342775247,
        "#big-data--calcite--pengzhiwei2018": 0.0030349013657056147,
        "#big-data--calcite--binmahone": 0.0032035069971337042,
        "#big-data--calcite--LiShuMing": 0.0032035069971337042,
        "#big-data--calcite--ankitsinghal": 0.0032035069971337042,
        "#big-data--calcite--mehant": 0.0032035069971337042,
        "#big-data--calcite--HanumathRao": 0.003372112628561794,
        "#big-data--calcite--my7ym": 0.0035407182599898838,
        "#big-data--calcite--xhoong": 0.0035407182599898838,
        "#big-data--calcite--a-rafay": 0.003877929522846063,
        "#big-data--calcite--dianfu": 0.003877929522846063,