{
    "all_file_num": 9910,
    "error_developer_file_rate": {
        "#big-data--drill--milindt": 0.00010090817356205853,
        "#big-data--drill--pmaciolek": 0.00010090817356205853,
        "#big-data--drill--nagix": 0.00020181634712411706,
        "#big-data--drill--tgrall": 0.0003027245206861756,
        "#big-data--drill--ppearcy": 0.0003027245206861756,
        "#big-data--drill--dprofeta": 0.0003027245206861756,
        "#big-data--drill--josiahyan": 0.0005045408678102926,
        "#big-data--drill--vsowrirajan": 0.0006054490413723512,
        "#big-data--drill--rajrahul": 0.0006054490413723512,
        "#big-data--drill--zhztheplayer": 0.0006054490413723512,
        "#big-data--drill--anbangx": 0.0007063572149344097,
        "#big-data--drill--ssriniva123": 0.0009081735620585267,
        "#big-data--drill--jcmcote": 0.0009081735620585267,
        "#big-data--drill--rozza": 0.0009081735620585267,
        "#big-data--drill--witwolf": 0.0009081735620585267,
        "#big-data--drill--reudismam": 0.0012108980827447023,
        "#big-data--drill--kingmesal": 0.0014127144298688194,
        "#big-data--drill--abhipol": 0.0016145307769929364,
        "#big-data--drill--shimamoto": 0.0017154389505549949,
        "#big-data--drill--jbimbert": 0.0017154389505549949,
        "#big-data--drill--dralves": 0.0017154389505549949,
        "#big-data--drill--cmerrick": 0.0018163471241170535,
        "#big-data--drill--aleph-zero": 0.001917255297679112,
        "#big-data--drill--spanchamiamapr": 0.001917255297679112,
        "#big-data--drill--abhidotravi": 0.0020181634712411706,
        "#big-data--drill--okalinin": 0.0022199798183652874,
        "#big-data--drill--yashs360": 0.002320887991927346,
        "#big-data--drill--immars": 0.002320887991927346,
        "#big-data--drill--prasadns14": 0.0025227043390514633,
        "#big-data--drill--AdamPD": 0.0028254288597376388,
        "#big-data--drill--yssharma": 0.0028254288597376388,
        "#big-data--drill--lushuifeng": 0.0029263370332996974,
        "#big-data--drill--coyotebush1": 0.003632694248234107,
        "#big-data--drill--amithadke": 0.003834510595358224,
        "#big-data--drill--julianhyde": 0.004137235116044399,
        "#big-data--drill--vladimirtkach": 0.004540867810292634,
        "#big-data--drill--dvjyothsna": 0.0049445005045408675,
        "#big-data--drill--akumarb2010": 0.005953582240161453,
        "#big-data--drill--kameshb": 0.006054490413723511,
        "#big-data--drill--daveoshinsky": 0.007164480322906156,
        "#big-data--drill--kkhatua": 0.007769929364278507,
        "#big-data--drill--Serhii-Harnyk": 0.008779011099899092,
        "#big-data--drill--bitblender": 0.009182643794147327,
        "#big-data--drill--ppadma": 0.010797174571140263,
        "#big-data--drill--hnfgns": 0.011301715438950555,
        "#big-data--drill--KulykRoman": 0.012815338042381432,
        "#big-data--drill--chunhui-shi": 0.01301715438950555,
        "#big-data--drill--vrozov": 0.014127144298688193,
        "#big-data--drill--dgrinchenko": 0.014127144298688193,
        "#big-data--drill--sudheeshkatkam": 0.016952573158425834,
        "#big-data--drill--vrtx": 0.017558022199798184,
        "#big-data--drill--tnachen": 0.01917255297679112,
        "#big-data--drill--dsbos": 0.025025227043390514,
        "#big-data--drill--hsuanyi": 0.02754793138244198,
        "#big-data--drill--cwestin": 0.033097880928355194,
        "#big-data--drill--parthchandra": 0.037134207870837536,
        "#big-data--drill--adeneche": 0.03763874873864783,
        "#big-data--drill--jinfengni": 0.04016145307769929,
        "#big-data--drill--mehant": 0.056710393541876895,
        "#big-data--drill--jaltekruse": 0.0698284561049445,
        "#big-data--drill--vkorukanti": 0.07547931382441977,
        "#big-data--drill--adityakishore": 0.10090817356205853,
        "#big-data--drill--StevenMPhillips": 0.1129162462159435,
        "#big-data--drill--arina-ielchiieva": 0.11927346115035319,
        "#big-data--drill--": 0.3411705348133199,
        "#big-data--drill--jacques-n": 0.34803229061553986
    },
    "daily_error_prone_developer": [
        "#big-data--drill--aleph-zero",
        "#big-data--drill--prasadns14",
        "#big-data--drill--AdamPD",
        "#big-data--drill--yssharma",
        "#big-data--drill--amithadke",
        "#big-data--drill--julianhyde",
        "#big-data--drill--vladimirtkach",
        "#big-data--drill--dvjyothsna",
        "#big-data--drill--akumarb2010",
        "#big-data--drill--kameshb",
        "#big-data--drill--kkhatua",
        "#big-data--drill--Serhii-Harnyk",
        "#big-data--drill--bitblender",
        "#big-data--drill--ppadma",
        "#big-data--drill--hnfgns",
        "#big-data--drill--KulykRoman",
        "#big-data--drill--chunhui-shi",
        "#big-data--drill--vrozov",
        "#big-data--drill--dgrinchenko",
        "#big-data--drill--sudheeshkatkam",
        "#big-data--drill--vrtx",
        "#big-data--drill--tnachen",
        "#big-data--drill--dsbos",
        "#big-data--drill--hsuanyi",
        "#big-data--drill--cwestin",
        "#big-data--drill--parthchandra",
        "#big-data--drill--adeneche",
        "#big-data--drill--jinfengni",
        "#big-data--drill--mehant",
        "#big-data--drill--jaltekruse",
        "#big-data--drill--vkorukanti",
        "#big-data--drill--adityakishore",
        "#big-data--drill--StevenMPhillips",
        "#big-data--drill--arina-ielchiieva",
        "#big-data--drill--",
        "#big-data--drill--jacques-n"
    ],
    "number_daily_error_prone_developer": 36
}