{
    "all_file_num": 7813,
    "error_developer_file_rate": {
        "#big-data--kafka--natemurthy": 0.00012799180852425445,
        "#big-data--kafka--carlosduclos": 0.00012799180852425445,
        "#big-data--kafka--mtillu": 0.00012799180852425445,
        "#big-data--kafka--stepio": 0.00012799180852425445,
        "#big-data--kafka--bmaggi": 0.00012799180852425445,
        "#big-data--kafka--SandeshKarkera": 0.00012799180852425445,
        "#big-data--kafka--muradm": 0.00012799180852425445,
        "#big-data--kafka--fedosov-alexander": 0.00012799180852425445,
        "#big-data--kafka--arodoni": 0.00012799180852425445,
        "#big-data--kafka--layfe": 0.00012799180852425445,
        "#big-data--kafka--logarithm": 0.00012799180852425445,
        "#big-data--kafka--FreeeeLy": 0.0002559836170485089,
        "#big-data--kafka--TomerWizman": 0.0002559836170485089,
        "#big-data--kafka--kiest": 0.0002559836170485089,
        "#big-data--kafka--Gacko": 0.0002559836170485089,
        "#big-data--kafka--forficate": 0.0002559836170485089,
        "#big-data--kafka--andyfangdz": 0.0002559836170485089,
        "#big-data--kafka--amccague": 0.0002559836170485089,
        "#big-data--kafka--dongeforever": 0.0002559836170485089,
        "#big-data--kafka--ogirardot": 0.0002559836170485089,
        "#big-data--kafka--kzzhang": 0.0002559836170485089,
        "#big-data--kafka--predatorray": 0.0002559836170485089,
        "#big-data--kafka--tbcdns": 0.0002559836170485089,
        "#big-data--kafka--omarsmak": 0.0002559836170485089,
        "#big-data--kafka--chebbyChefNEQ": 0.0002559836170485089,
        "#big-data--kafka--rosets": 0.0002559836170485089,
        "#big-data--kafka--Lucent-Wong": 0.0002559836170485089,
        "#big-data--kafka--MicahRam": 0.0002559836170485089,
        "#big-data--kafka--amleung21": 0.0002559836170485089,
        "#big-data--kafka--wilkinsona": 0.0002559836170485089,
        "#big-data--kafka--mikebin": 0.0002559836170485089,
        "#big-data--kafka--ruanliang-hualun": 0.0002559836170485089,
        "#big-data--kafka--nachomdo": 0.0002559836170485089,
        "#big-data--kafka--frankscholten": 0.0002559836170485089,
        "#big-data--kafka--efgpinto": 0.0002559836170485089,
        "#big-data--kafka--trybak": 0.0002559836170485089,
        "#big-data--kafka--JonathanBond": 0.0002559836170485089,
        "#big-data--kafka--lijubjohn": 0.0002559836170485089,
        "#big-data--kafka--fossamagna": 0.0002559836170485089,
        "#big-data--kafka--amitdaga": 0.0002559836170485089,
        "#big-data--kafka--radzish": 0.0002559836170485089,
        "#big-data--kafka--wimvanleuven": 0.0002559836170485089,
        "#big-data--kafka--cvaliente": 0.0002559836170485089,
        "#big-data--kafka--zzccctv": 0.00038397542557276333,
        "#big-data--kafka--eliaslevy": 0.00038397542557276333,
        "#big-data--kafka--13h3r": 0.00038397542557276333,
        "#big-data--kafka--wiggzz": 0.00038397542557276333,
        "#big-data--kafka--gleb-kom": 0.00038397542557276333,
        "#big-data--kafka--alexjg": 0.00038397542557276333,
        "#big-data--kafka--bharatviswa504": 0.00038397542557276333,
        "#big-data--kafka--hackerwin7": 0.00038397542557276333,
        "#big-data--kafka--linyli001": 0.00038397542557276333,
        "#big-data--kafka--hutchiko": 0.00038397542557276333,
        "#big-data--kafka--serjchebotarev": 0.00038397542557276333,
        "#big-data--kafka--phderome": 0.00038397542557276333,
        "#big-data--kafka--amitsela": 0.00038397542557276333,
        "#big-data--kafka--kyle-winkelman": 0.00038397542557276333,
        "#big-data--kafka--nprad": 0.0005119672340970178,
        "#big-data--kafka--jasonk000": 0.0005119672340970178,
        "#big-data--kafka--thomaslee": 0.0005119672340970178,
        "#big-data--kafka--sarwarbhuiyan": 0.0005119672340970178,
        "#big-data--kafka--gfodor": 0.0005119672340970178,
        "#big-data--kafka--bdesert": 0.0005119672340970178,
        "#big-data--kafka--ddrid": 0.0005119672340970178,
        "#big-data--kafka--twobeeb": 0.0005119672340970178,
        "#big-data--kafka--bmaidics": 0.0005119672340970178,
        "#big-data--kafka--Cyril-Engels": 0.0005119672340970178,
        "#big-data--kafka--iconara": 0.0005119672340970178,
        "#big-data--kafka--voffcheg109": 0.0005119672340970178,
        "#big-data--kafka--asdaraujo": 0.0006399590426212722,
        "#big-data--kafka--mingaliu": 0.0006399590426212722,
        "#big-data--kafka--gosubpl": 0.0006399590426212722,
        "#big-data--kafka--tadsul": 0.0006399590426212722,
        "#big-data--kafka--nafshartous": 0.0006399590426212722,
        "#big-data--kafka--manuzhang": 0.0006399590426212722,
        "#big-data--kafka--aai95": 0.0006399590426212722,
        "#big-data--kafka--nicktelford": 0.0006399590426212722,
        "#big-data--kafka--scanterog": 0.0006399590426212722,
        "#big-data--kafka--hrafzali": 0.0006399590426212722,
        "#big-data--kafka--parafiend": 0.0006399590426212722,
        "#big-data--kafka--lendle": 0.0006399590426212722,
        "#big-data--kafka--albert02lowis": 0.0006399590426212722,
        "#big-data--kafka--TheKnowles": 0.0006399590426212722,
        "#big-data--kafka--markcho": 0.0006399590426212722,
        "#big-data--kafka--attilakreiner": 0.0007679508511455267,
        "#big-data--kafka--manijndl7": 0.0007679508511455267,
        "#big-data--kafka--johnthotekat": 0.0007679508511455267,
        "#big-data--kafka--Gitomain": 0.0007679508511455267,
        "#big-data--kafka--PhilHardwick": 0.0007679508511455267,
        "#big-data--kafka--occho": 0.0007679508511455267,
        "#big-data--kafka--samshah": 0.0007679508511455267,
        "#big-data--kafka--michaelschiff": 0.0008959426596697811,
        "#big-data--kafka--sjmittal": 0.0008959426596697811,
        "#big-data--kafka--haidangdam": 0.0008959426596697811,
        "#big-data--kafka--fredfp": 0.0008959426596697811,
        "#big-data--kafka--shawnsnguyen": 0.0008959426596697811,
        "#big-data--kafka--vcrfxia": 0.0010239344681940356,
        "#big-data--kafka--sap1ens": 0.0010239344681940356,
        "#big-data--kafka--praveend": 0.0010239344681940356,
        "#big-data--kafka--tolgadur": 0.0010239344681940356,
        "#big-data--kafka--bartdevylder": 0.0010239344681940356,
        "#big-data--kafka--seglo": 0.00115192627671829,
        "#big-data--kafka--Nathan22177": 0.00115192627671829,
        "#big-data--kafka--avalsa": 0.00115192627671829,
        "#big-data--kafka--bellemare": 0.0012799180852425445,
        "#big-data--kafka--oscerd": 0.0012799180852425445,
        "#big-data--kafka--jeffhuang26": 0.001407909893766799,
        "#big-data--kafka--dima5rr": 0.001407909893766799,
        "#big-data--kafka--stevenzwu": 0.001407909893766799,
        "#big-data--kafka--subnova": 0.001407909893766799,
        "#big-data--kafka--eribeiro": 0.001407909893766799,
        "#big-data--kafka--sharad-develop": 0.0015359017022910533,
        "#big-data--kafka--ashmeet13": 0.0015359017022910533,
        "#big-data--kafka--lahabana": 0.0016638935108153079,
        "#big-data--kafka--LLParse": 0.0017918853193395622,
        "#big-data--kafka--slaunay": 0.0017918853193395622,
        "#big-data--kafka--kszafran": 0.0019198771278638167,
        "#big-data--kafka--abiletskyi": 0.0019198771278638167,
        "#big-data--kafka--jadireddi": 0.0019198771278638167,
        "#big-data--kafka--zhuchen1018": 0.0021758607449123258,
        "#big-data--kafka--patrickstuedi": 0.0021758607449123258,
        "#big-data--kafka--ramesh-muthusamy": 0.00230385255343658,
        "#big-data--kafka--kawamuray": 0.00230385255343658,
        "#big-data--kafka--shunge": 0.0024318443619608344,
        "#big-data--kafka--mmolimar": 0.0026878279790093435,
        "#big-data--kafka--ning2008wisc": 0.0026878279790093435,
        "#big-data--kafka--cpettitt-confluent": 0.0030718034045821067,