{
    "all_file_num": 5421,
    "error_developer_file_rate": {
        "#big-data--zeppelin--voyageth": 0.00018446781036709093,
        "#big-data--zeppelin--passionke": 0.00018446781036709093,
        "#big-data--zeppelin--risdenk": 0.00018446781036709093,
        "#big-data--zeppelin--kenshalo": 0.00018446781036709093,
        "#big-data--zeppelin--SehoNoh": 0.00018446781036709093,
        "#big-data--zeppelin--vasilievip": 0.00018446781036709093,
        "#big-data--zeppelin--lucarosellini": 0.00018446781036709093,
        "#big-data--zeppelin--guicaro": 0.00018446781036709093,
        "#big-data--zeppelin--snowch": 0.00018446781036709093,
        "#big-data--zeppelin--matadorhong": 0.00018446781036709093,
        "#big-data--zeppelin--RPCMoritz": 0.00036893562073418186,
        "#big-data--zeppelin--qwemicheal": 0.00036893562073418186,
        "#big-data--zeppelin--ralphgee": 0.0005534034311012728,
        "#big-data--zeppelin--maziyarpanahi": 0.0005534034311012728,
        "#big-data--zeppelin--zhoulii": 0.0005534034311012728,
        "#big-data--zeppelin--sohaibiftikhar": 0.0005534034311012728,
        "#big-data--zeppelin--tillrohrmann": 0.0005534034311012728,
        "#big-data--zeppelin--dbanda": 0.0005534034311012728,
        "#big-data--zeppelin--elek": 0.0005534034311012728,
        "#big-data--zeppelin--schnee": 0.0005534034311012728,
        "#big-data--zeppelin--tylerba-f": 0.0005534034311012728,
        "#big-data--zeppelin--galleon": 0.0005534034311012728,
        "#big-data--zeppelin--LantaoJin": 0.0007378712414683637,
        "#big-data--zeppelin--syepes": 0.0007378712414683637,
        "#big-data--zeppelin--kavinkumarks": 0.0007378712414683637,
        "#big-data--zeppelin--lfrancke": 0.0007378712414683637,
        "#big-data--zeppelin--chilang": 0.0007378712414683637,
        "#big-data--zeppelin--vboginskii": 0.0009223390518354548,
        "#big-data--zeppelin--ramaswamydevarajan": 0.0009223390518354548,
        "#big-data--zeppelin--yiming187": 0.0009223390518354548,
        "#big-data--zeppelin--natesammons-nasdaq": 0.0011068068622025456,
        "#big-data--zeppelin--wind0727": 0.0011068068622025456,
        "#big-data--zeppelin--sadikovi": 0.0011068068622025456,
        "#big-data--zeppelin--Peilin-Yang": 0.0011068068622025456,
        "#big-data--zeppelin--dannycranmer": 0.0012912746725696365,
        "#big-data--zeppelin--Bowen0729": 0.0012912746725696365,
        "#big-data--zeppelin--janzhongi": 0.0014757424829367274,
        "#big-data--zeppelin--rconline": 0.0014757424829367274,
        "#big-data--zeppelin--krishna-pandey": 0.0014757424829367274,
        "#big-data--zeppelin--jpmcmu": 0.0014757424829367274,
        "#big-data--zeppelin--nberserk": 0.0016602102933038186,
        "#big-data--zeppelin--olkkoti": 0.0016602102933038186,
        "#big-data--zeppelin--praagarw": 0.0018446781036709095,
        "#big-data--zeppelin--raja-imaginea": 0.0018446781036709095,
        "#big-data--zeppelin--sagarkulkarni3592": 0.0018446781036709095,
        "#big-data--zeppelin--blrunner": 0.002213613724405091,
        "#big-data--zeppelin--runyontr": 0.002213613724405091,
        "#big-data--zeppelin--yx91490": 0.002213613724405091,
        "#big-data--zeppelin--hriviere": 0.002398081534772182,
        "#big-data--zeppelin--beeva-victorgarcia": 0.002398081534772182,
        "#big-data--zeppelin--weand": 0.002398081534772182,
        "#big-data--zeppelin--SachinJanani": 0.002398081534772182,
        "#big-data--zeppelin--sriramkrishnan": 0.002582549345139273,
        "#big-data--zeppelin--babupe-g": 0.002582549345139273,
        "#big-data--zeppelin--RamVenkatesh": 0.002582549345139273,
        "#big-data--zeppelin--dijiekstra": 0.002582549345139273,
        "#big-data--zeppelin--karth295": 0.002767017155506364,
        "#big-data--zeppelin--maocorte": 0.002951484965873455,
        "#big-data--zeppelin--zhongneu": 0.003320420586607637,
        "#big-data--zeppelin--hsteinmueller": 0.003504888396974728,
        "#big-data--zeppelin--AlexanderShoshin": 0.004242759638443091,
        "#big-data--zeppelin--rranjan03": 0.004427227448810182,
        "#big-data--zeppelin--andreaTP": 0.004611695259177273,
        "#big-data--zeppelin--granturing": 0.004611695259177273,
        "#big-data--zeppelin--bbonnin": 0.004980630879911455,
        "#big-data--zeppelin--HeartSaVioR": 0.005165098690278546,
        "#big-data--zeppelin--mwkang": 0.005718502121379819,
        "#big-data--zeppelin--karuppayya": 0.00590296993174691,
        "#big-data--zeppelin--agoodm": 0.006456373362848183,
        "#big-data--zeppelin--echarles": 0.006825308983582365,
        "#big-data--zeppelin--necosta": 0.010330197380557092,
        "#big-data--zeppelin--khalidhuseynov": 0.015126360450101458
    },
    "daily_error_prone_developer": [
        "#big-data--zeppelin--raja-imaginea",
        "#big-data--zeppelin--weand",
        "#big-data--zeppelin--zhongneu",
        "#big-data--zeppelin--AlexanderShoshin",
        "#big-data--zeppelin--rranjan03",
        "#big-data--zeppelin--andreaTP",
        "#big-data--zeppelin--bbonnin",
        "#big-data--zeppelin--HeartSaVioR",
        "#big-data--zeppelin--mwkang",
        "#big-data--zeppelin--karuppayya",
        "#big-data--zeppelin--agoodm",
        "#big-data--zeppelin--echarles",
        "#big-data--zeppelin--necosta",
        "#big-data--zeppelin--khalidhuseynov"
    ],
    "number_daily_error_prone_developer": 14
}