#build-management--maven--hgschmie,#build-management--maven--srdo,#build-management--maven--nerro,#build-management--maven--saturnism,#build-management--maven--azaretsky,#build-management--maven--dejan2609,#build-management--maven--fabcipriano,#build-management--maven--thelproad,#build-management--maven--famod,#build-management--maven--belingueres,#build-management--maven--bimargulies,#build-management--maven--MarkIngramTrafigura,#build-management--maven--cboehme,#build-management--maven--MysterionRise,#build-management--maven--oehme,#build-management--maven--mickaelistria,#build-management--maven--atanasenko,#build-management--maven--rosti-il,#build-management--maven--rgoers,#build-management--maven--mthmulders,#build-management--maven--KroArtem,#build-management--maven--arturobernalg,#build-management--maven--ChristianSchulte,#build-management--maven--ifedorenko,#build-management--maven--krosenvold,#build-management--maven--bentmann
0.00010462439840970915,0.00010462439840970915,0.00010462439840970915,0.0002092487968194183,0.00031387319522912746,0.00031387319522912746,0.0004184975936388366,0.0004184975936388366,0.0004184975936388366,0.0005231219920485457,0.0005231219920485457,0.0006277463904582549,0.0008369951872776732,0.0008369951872776732,0.0011508683825068005,0.0012554927809165098,0.001360117179326219,0.001569365976145637,0.002720234358652438,0.004708097928436911,0.007114459091860222,0.009416195856873822,0.014228918183720443,0.016739903745553463,0.03358443188951663,0.17032852061100648
0.5,2.0,0.3333333333333333,1.0,1.0,0.5,1.0,1.0,0.25,0.6666666666666666,0.7777777777777778,1.0,1.0,1.0,0.3333333333333333,0.7,0.42857142857142855,0.3333333333333333,0.2,0.2857142857142857,0.16666666666666666,0.16666666666666666,0.25925925925925924,0.2597402597402597,0.25862068965517243,0.18935729094678647
0.5,1.0,0.3333333333333333,1.0,1.0,1.0,1.0,1.0,0.25,0.6666666666666666,0.5555555555555556,1.0,1.0,1.0,0.3333333333333333,0.7,0.2857142857142857,0.3333333333333333,0.2,0.19047619047619047,0.16666666666666666,0.16666666666666666,0.18518518518518517,0.2727272727272727,0.1896551724137931,0.2957843814789219
