{
    "all_file_num": 7165,
    "error_developer_file_rate": {
        "#network-server--karaf--slawekjaranowski": 0.00013956734124214934,
        "#network-server--karaf--peculater": 0.00013956734124214934,
        "#network-server--karaf--mcculls": 0.00013956734124214934,
        "#network-server--karaf--cristcost": 0.00013956734124214934,
        "#network-server--karaf--wborn": 0.0002791346824842987,
        "#network-server--karaf--akuhtz": 0.0002791346824842987,
        "#network-server--karaf--dleangen": 0.0002791346824842987,
        "#network-server--karaf--labero": 0.000418702023726448,
        "#network-server--karaf--tomqwpl": 0.000837404047452896,
        "#network-server--karaf--paoloantinori": 0.0009769713886950454,
        "#network-server--karaf--diamondq": 0.0009769713886950454,
        "#network-server--karaf--vladimirfx": 0.0011165387299371947,
        "#network-server--karaf--sjhiggs": 0.001256106071179344,
        "#network-server--karaf--jgawor": 0.0013956734124214933,
        "#network-server--karaf--maggu2810": 0.0015352407536636428,
        "#network-server--karaf--CMoH": 0.0029309141660851363,
        "#network-server--karaf--SourcePond": 0.0030704815073272856,
        "#network-server--karaf--nantunes": 0.0036287508722958827,
        "#network-server--karaf--jstrachan": 0.008234473133286811,
        "#network-server--karaf--janstey": 0.009351011863224006,
        "#network-server--karaf--splatch": 0.011584089323098396,
        "#network-server--karaf--chirino": 0.020237264480111653,
        "#network-server--karaf--iocanel": 0.028611304954640614,
        "#network-server--karaf--djencks": 0.05136078157711096,
        "#network-server--karaf--ffang": 0.06085136078157711,
        "#network-server--karaf--gertv": 0.10369853454291696,
        "#network-server--karaf--cschneider": 0.21660851360781577,
        "#network-server--karaf--gnodet": 0.6181437543614794
    },
    "daily_error_prone_developer": [
        "#network-server--karaf--maggu2810",
        "#network-server--karaf--jstrachan",
        "#network-server--karaf--janstey",
        "#network-server--karaf--splatch",
        "#network-server--karaf--chirino",
        "#network-server--karaf--iocanel",
        "#network-server--karaf--djencks",
        "#network-server--karaf--ffang",
        "#network-server--karaf--gertv",
        "#network-server--karaf--cschneider",
        "#network-server--karaf--gnodet"
    ],
    "number_daily_error_prone_developer": 11
}