{
    "all_file_num": 71565,
    "error_developer_file_rate": {
        "#other--camel--Sw1m1k": 1.3973310976035772e-05,
        "#other--camel--trrosa": 1.3973310976035772e-05,
        "#other--camel--kahowell": 1.3973310976035772e-05,
        "#other--camel--Drezir": 1.3973310976035772e-05,
        "#other--camel--elomonosov": 1.3973310976035772e-05,
        "#other--camel--muellerch2293": 1.3973310976035772e-05,
        "#other--camel--richardgroote": 1.3973310976035772e-05,
        "#other--camel--shaipan": 1.3973310976035772e-05,
        "#other--camel--hmlnarik": 1.3973310976035772e-05,
        "#other--camel--krzysztof-mackowiak": 1.3973310976035772e-05,
        "#other--camel--ccancellieri": 1.3973310976035772e-05,
        "#other--camel--nryanov": 1.3973310976035772e-05,
        "#other--camel--sogabeseiji": 1.3973310976035772e-05,
        "#other--camel--sintezcs": 1.3973310976035772e-05,
        "#other--camel--driseley": 1.3973310976035772e-05,
        "#other--camel--grigoriadis": 1.3973310976035772e-05,
        "#other--camel--barthorre": 1.3973310976035772e-05,
        "#other--camel--pulse00": 1.3973310976035772e-05,
        "#other--camel--andmoos": 1.3973310976035772e-05,
        "#other--camel--nathanwray": 1.3973310976035772e-05,
        "#other--camel--avi5kdonrh": 2.7946621952071543e-05,
        "#other--camel--anestoruk": 2.7946621952071543e-05,
        "#other--camel--rikvb": 2.7946621952071543e-05,
        "#other--camel--antonkrosnev": 2.7946621952071543e-05,
        "#other--camel--dimizuno": 2.7946621952071543e-05,
        "#other--camel--derekwilhelm": 2.7946621952071543e-05,
        "#other--camel--jataylor2012": 2.7946621952071543e-05,
        "#other--camel--msparer": 2.7946621952071543e-05,
        "#other--camel--awgtek": 2.7946621952071543e-05,
        "#other--camel--nick-pww": 2.7946621952071543e-05,
        "#other--camel--bduisenov": 2.7946621952071543e-05,
        "#other--camel--vasilievip": 4.1919932928107315e-05,
        "#other--camel--nikhilvibhav": 4.1919932928107315e-05,
        "#other--camel--cgpoh": 4.1919932928107315e-05,
        "#other--camel--xfournet": 4.1919932928107315e-05,
        "#other--camel--brunomendola": 4.1919932928107315e-05,
        "#other--camel--pingw33n": 4.1919932928107315e-05,
        "#other--camel--lholthof": 4.1919932928107315e-05,
        "#other--camel--nickbusy": 4.1919932928107315e-05,
        "#other--camel--avi5kdon": 4.1919932928107315e-05,
        "#other--camel--neoramon": 4.1919932928107315e-05,
        "#other--camel--jsight": 4.1919932928107315e-05,
        "#other--camel--jpav": 4.1919932928107315e-05,
        "#other--camel--sryll": 4.1919932928107315e-05,
        "#other--camel--eddi888": 4.1919932928107315e-05,
        "#other--camel--tveskrna": 4.1919932928107315e-05,
        "#other--camel--shailendra14k": 4.1919932928107315e-05,
        "#other--camel--tellisnz": 4.1919932928107315e-05,
        "#other--camel--basis42": 5.5893243904143086e-05,
        "#other--camel--JPMoresmau": 5.5893243904143086e-05,
        "#other--camel--drmaniac": 5.5893243904143086e-05,
        "#other--camel--swalendzik": 5.5893243904143086e-05,
        "#other--camel--slim-bean": 5.5893243904143086e-05,
        "#other--camel--player13": 5.5893243904143086e-05,
        "#other--camel--louisburton": 5.5893243904143086e-05,
        "#other--camel--rjakubco": 5.5893243904143086e-05,
        "#other--camel--fogninid": 6.986655488017886e-05,
        "#other--camel--almondtools": 6.986655488017886e-05,
        "#other--camel--takanorig": 8.383986585621463e-05,
        "#other--camel--scriptease": 8.383986585621463e-05,
        "#other--camel--lamperi": 8.383986585621463e-05,
        "#other--camel--tonswieb": 0.00011178648780828617,
        "#other--camel--aevangelista81": 0.00012575979878432194,
        "#other--camel--alxpark": 0.00012575979878432194,
        "#other--camel--espeandr": 0.00013973310976035772,
        "#other--camel--srcarrier": 0.00013973310976035772,
        "#other--camel--FingolfinTEK": 0.00013973310976035772,
        "#other--camel--pkletsko": 0.00013973310976035772,
        "#other--camel--tterm": 0.00013973310976035772,
        "#other--camel--fgiloux": 0.0001537064207363935,
        "#other--camel--PrzemyslawLenik": 0.0001956263536645008,
        "#other--camel--NickCis": 0.0001956263536645008,
        "#other--camel--Liroyd": 0.00020959966464053657,
        "#other--camel--admintest": 0.00020959966464053657,
        "#other--camel--chris-jh": 0.00020959966464053657,
        "#other--camel--tkopczynski": 0.00022357297561657235,
        "#other--camel--samratdhillon": 0.00023754628659260812,
        "#other--camel--stephanpelikan": 0.0002654929085446797,
        "#other--camel--InfoSec812": 0.00027946621952071543,
        "#other--camel--aefox": 0.00029343953049675123,
        "#other--camel--mswiderski": 0.0003213861524488228,
        "#other--camel--ank19": 0.0003353594634248585,
        "#other--camel--brreitme": 0.0003912527073290016,
        "#other--camel--javierholguera": 0.0004471459512331447,
        "#other--camel--brmeyer": 0.0010899182561307902
    },
    "daily_error_prone_developer": [
        "#other--camel--tkopczynski",
        "#other--camel--samratdhillon",
        "#other--camel--brmeyer"
    ],
    "number_daily_error_prone_developer": 3
}