#network-server--cxf--hexagon-ecosys,#network-server--cxf--cyrille-leclerc,#network-server--cxf--TomasHofman,#network-server--cxf--grgrzybek,#network-server--cxf--DavidValeri,#network-server--cxf--johnament,#network-server--cxf--asoldano,#network-server--cxf--jimma,#network-server--cxf--elakito,#network-server--cxf--WillemJiang,#network-server--cxf--cschneider,#network-server--cxf--bimargulies,#network-server--cxf--ffang,#network-server--cxf--
0.00011008972312434634,0.0014311664006165024,0.0014311664006165024,0.002036659877800407,0.0033026916937303904,0.008091594649639456,0.014256619144602852,0.037375461000715586,0.04365057521880333,0.056696207409038364,0.06209060384213134,0.07464083227830683,0.08664061209886058,0.29118731766389605
0.8333333333333334,0.2631578947368421,0.5,0.3076923076923077,1.0454545454545454,0.45161290322580644,0.1875,0.3888888888888889,0.19753086419753085,0.2868632707774799,0.3370473537604457,0.3016759776536313,0.21070811744386875,0.2855025200118589
0.6666666666666666,0.2631578947368421,0.3333333333333333,0.3076923076923077,0.6363636363636364,0.2903225806451613,0.1875,0.3148148148148148,0.24279835390946503,0.17158176943699732,0.20891364902506965,0.26256983240223464,0.17616580310880828,0.3169285502520012
