#web-framework--wicket--CedricGatay,#web-framework--wicket--michaelmosmann,#web-framework--isis--jcvanderwal,#web-framework--cayenne--AlexandrShestak,#web-framework--cayenne--KravchenkoAS,#web-framework--cayenne--nismooooooo,#web-framework--wicket--duesenklipper,#web-framework--nutch--erikhatcher,#web-framework--wicket--ivaynberg,#web-framework--cayenne--ollybondareva,#web-framework--cayenne--const1993,#web-framework--wicket--pedrosans,#web-framework--isis--martin-g,#web-framework--wicket--jesselong,#web-framework--nutch--balashashanka,#web-framework--cayenne--AlexKolonitsky,#web-framework--cayenne--johnthuss,#web-framework--wicket--svenmeier,#web-framework--wicket--papegaaij,#web-framework--cayenne--dzmitryk,#web-framework--cayenne--thinline72,#web-framework--myfaces--struberg,#web-framework--isis--andi-huber,#web-framework--nutch--sigram
0.0007053941908713693,0.001078838174273859,0.0011196827907836752,0.002310762551642042,0.005181709964288215,0.006092010363419929,0.006431535269709543,0.00802825947334618,0.008464730290456432,0.008682865345564035,0.00959316574469575,0.00970954356846473,0.011083832396840234,0.012821576763485477,0.017662170841361593,0.018906239058889433,0.019536447027519083,0.01991701244813278,0.03763485477178423,0.04418458091170086,0.10335410685526224,0.13739987677141097,0.2631973620684342,0.28580603725112397
0.2222222222222222,0.44,0.6122448979591837,0.3333333333333333,0.18181818181818182,0.2682926829268293,0.3939393939393939,0.3076923076923077,0.5441176470588235,0.4,0.28888888888888886,0.494949494949495,0.32107843137254904,0.25,0.3157894736842105,0.2631578947368421,0.22666666666666666,0.25,0.22180451127819548,0.19463087248322147,0.19375,0.21428571428571427,0.173860730936983,0.3443708609271523
0.2222222222222222,0.44,0.32653061224489793,0.4444444444444444,0.36363636363636365,0.2682926829268293,0.24242424242424243,0.23076923076923078,0.27941176470588236,0.4,0.24444444444444444,0.29292929292929293,0.25245098039215685,0.16666666666666666,0.2631578947368421,0.21052631578947367,0.22666666666666666,0.17857142857142858,0.16917293233082706,0.18120805369127516,0.1875,0.17142857142857143,0.3065122574823282,0.271523178807947
