#http--httpcomponents-client--jsedding,#http--httpcomponents-client--fxbonnet,#http--httpcomponents-client--rschmitt,#http--httpcomponents-client--michael-o,#http--httpcomponents-client--,#http--httpcomponents-client--sebbASF,#http--httpcomponents-client--ok2c
0.00395987328405491,0.013727560718057022,0.028511087645195353,0.05464625131995776,0.15971488912354806,0.19297782470960928,0.9456177402323126
0.14285714285714285,0.5,0.25,0.1746031746031746,0.20319634703196346,0.08941176470588236,0.1624390243902439
0.14285714285714285,0.4166666666666667,0.25,0.12698412698412698,0.2534246575342466,0.12941176470588237,0.25609756097560976
