#big-data--beam--gkumar7,#big-data--beam--charithe,#big-data--beam--lhaiesp,#big-data--beam--cmachgodaddy,#big-data--beam--axelmagn,#big-data--beam--JingsongLi,#big-data--beam--bsidhom,#big-data--beam--aviemzur
0.00042140750105351877,0.0007585335018963338,0.0018963337547408343,0.002107037505267594,0.002402022756005057,0.005436156763590392,0.006363253265908133,0.007585335018963337
0.5,1.0,0.8888888888888888,3.0,0.7368421052631579,1.3157894736842106,0.6949152542372882,0.5866666666666667
0.6666666666666666,0.3333333333333333,0.4444444444444444,0.8333333333333334,0.47368421052631576,0.5,0.4067796610169492,0.44
