#big-data--tez--sidseth,#big-data--tez--
0.37913628715647785,0.4097027481772294
0.8204283360790774,0.6002400960384153
0.4497528830313015,0.3457382953181273
