#big-data--zeppelin--raja-imaginea,#big-data--zeppelin--weand,#big-data--zeppelin--zhongneu,#big-data--zeppelin--AlexanderShoshin,#big-data--zeppelin--rranjan03,#big-data--zeppelin--andreaTP,#big-data--zeppelin--bbonnin,#big-data--zeppelin--HeartSaVioR,#big-data--zeppelin--mwkang,#big-data--zeppelin--karuppayya,#big-data--zeppelin--agoodm,#big-data--zeppelin--echarles,#big-data--zeppelin--necosta,#big-data--zeppelin--khalidhuseynov
0.0018446781036709095,0.002398081534772182,0.003320420586607637,0.004242759638443091,0.004427227448810182,0.004611695259177273,0.004980630879911455,0.005165098690278546,0.005718502121379819,0.00590296993174691,0.006456373362848183,0.006825308983582365,0.010330197380557092,0.015126360450101458
1.0,1.0,0.6666666666666666,0.875,1.2666666666666666,0.5,0.8333333333333334,1.7777777777777777,1.375,2.125,0.8888888888888888,1.0,0.5333333333333333,0.5476190476190477
0.5,0.5,0.3333333333333333,0.375,0.6,0.3333333333333333,0.5,0.8888888888888888,0.5,0.5,0.3333333333333333,0.5,0.4,0.3333333333333333
