#network-client--cxf--mmusaji,#network-client--cxf--pellcorp,#network-client--cxf--CarlosPanarello,#network-client--cxf--hexagon-ecosys,#network-client--cxf--paul-mcculloch,#network-client--cxf--bmarwell,#network-client--cxf--K0zka,#network-client--cxf--Sevyls,#network-client--cxf--osvaldopina,#network-client--cxf--kbuntrock,#network-client--cxf--irisdingbj,#network-client--cxf--karlvr,#network-client--cxf--gyoetam,#network-client--cxf--steingebein,#network-client--cxf--aonnikov,#network-client--cxf--eberntsen,#network-client--cxf--dalbothek,#network-client--cxf--dmvolod,#network-client--cxf--tadayosi,#network-client--cxf--istudens,#network-client--cxf--ropalka,#network-client--cxf--cyrille-leclerc,#network-client--cxf--TomasHofman,#network-client--cxf--grgrzybek,#network-client--cxf--DavidValeri,#network-client--cxf--frelibert,#network-client--cxf--johnament,#network-client--cxf--jimma,#network-client--cxf--elakito,#network-client--cxf--cschneider,#network-client--cxf--bimargulies,#network-client--cxf--
5.504486156217317e-05,0.00011008972312434634,0.00011008972312434634,0.00011008972312434634,0.00011008972312434634,0.00011008972312434634,0.00011008972312434634,0.00011008972312434634,0.00011008972312434634,0.00011008972312434634,0.00011008972312434634,0.00011008972312434634,0.00016513458468651952,0.00022017944624869268,0.00022017944624869268,0.00033026916937303904,0.00044035889249738536,0.0004954037540595586,0.0007155832003082512,0.0008807177849947707,0.0011559420928056365,0.0014311664006165024,0.0014311664006165024,0.002036659877800407,0.0033026916937303904,0.0044035889249738535,0.008091594649639456,0.037375461000715586,0.04365057521880333,0.06209060384213134,0.07464083227830683,0.29118731766389605
1.0,0.5,1.0,0.8333333333333334,0.5,1.0,0.6666666666666666,1.0,1.0,1.0,2.0,0.5,0.5,1.5,1.0,2.0,2.0,0.3333333333333333,0.5,1.5,1.0,0.2631578947368421,0.5,0.3076923076923077,1.0454545454545454,0.3333333333333333,0.45161290322580644,0.3888888888888889,0.19753086419753085,0.3370473537604457,0.3016759776536313,0.2855025200118589
1.0,0.5,1.0,0.6666666666666666,0.5,1.0,0.6666666666666666,1.0,1.0,1.0,1.0,0.5,0.5,1.0,0.5,1.0,1.0,0.3333333333333333,0.5,0.5,1.0,0.2631578947368421,0.3333333333333333,0.3076923076923077,0.6363636363636364,0.3333333333333333,0.2903225806451613,0.3148148148148148,0.24279835390946503,0.20891364902506965,0.26256983240223464,0.3169285502520012
