{
    "all_file_num": 33158,
    "error_developer_file_rate": {
        "#build-management--ant-ivy--javabrett": 0.0023889154323936935,
        "#build-management--archiva--emsouza": 0.00014835694681403458,
        "#build-management--archiva--pjfanning": 0.0006676062606631555,
        "#build-management--archiva--forjsharp": 0.0012610340479192938,
        "#build-management--archiva--ndeloof": 0.003115495883094726,
        "#build-management--archiva--oching": 0.0956902306950523,
        "#build-management--archiva--": 0.3843186707217566,
        "#build-management--creadur-rat--michael-o": 0.003248862897985705,
        "#build-management--maven--hgschmie": 0.00010462439840970915,
        "#build-management--maven--srdo": 0.00010462439840970915,
        "#build-management--maven--nerro": 0.00010462439840970915,
        "#build-management--maven--saturnism": 0.0002092487968194183,
        "#build-management--maven--azaretsky": 0.00031387319522912746,
        "#build-management--maven--dejan2609": 0.00031387319522912746,
        "#build-management--maven--fabcipriano": 0.0004184975936388366,
        "#build-management--maven--thelproad": 0.0004184975936388366,
        "#build-management--maven--famod": 0.0004184975936388366,
        "#build-management--maven--belingueres": 0.0005231219920485457,
        "#build-management--maven--bimargulies": 0.0005231219920485457,
        "#build-management--maven--MarkIngramTrafigura": 0.0006277463904582549,
        "#build-management--maven--cboehme": 0.0008369951872776732,
        "#build-management--maven--MysterionRise": 0.0008369951872776732,
        "#build-management--maven--oehme": 0.0011508683825068005,
        "#build-management--maven--mickaelistria": 0.0012554927809165098,
        "#build-management--maven--atanasenko": 0.001360117179326219,
        "#build-management--maven--rosti-il": 0.001569365976145637,
        "#build-management--maven--rgoers": 0.002720234358652438,
        "#build-management--maven--mthmulders": 0.004708097928436911,
        "#build-management--maven--KroArtem": 0.007114459091860222,
        "#build-management--maven--arturobernalg": 0.009416195856873822,
        "#build-management--maven--ChristianSchulte": 0.014228918183720443,
        "#build-management--maven--ifedorenko": 0.016739903745553463,
        "#build-management--maven--krosenvold": 0.03358443188951663,
        "#build-management--maven--bentmann": 0.17032852061100648,
        "#build-management--yetus--madrob": 0.021520803443328552
    },
    "daily_error_prone_developer": [
        "#build-management--archiva--forjsharp",
        "#build-management--archiva--ndeloof",
        "#build-management--archiva--oching",
        "#build-management--archiva--",
        "#build-management--maven--bimargulies",
        "#build-management--maven--oehme",
        "#build-management--maven--mickaelistria",
        "#build-management--maven--atanasenko",
        "#build-management--maven--rosti-il",
        "#build-management--maven--mthmulders",
        "#build-management--maven--KroArtem",
        "#build-management--maven--arturobernalg",
        "#build-management--maven--ChristianSchulte",
        "#build-management--maven--ifedorenko",
        "#build-management--maven--krosenvold",
        "#build-management--maven--bentmann"
    ],
    "number_daily_error_prone_developer": 16
}