{
    "all_file_num": 73386,
    "error_developer_file_rate": {
        "#http--cocoon--jashaj": 0.0008688376882481658,
        "#http--httpcomponents-client--xiaohu-zhang": 0.00026399155227032733,
        "#http--httpcomponents-client--smashtakov": 0.00026399155227032733,
        "#http--httpcomponents-client--jeromedemangel": 0.0007919746568109821,
        "#http--httpcomponents-client--serkanturgut": 0.0010559662090813093,
        "#http--httpcomponents-client--sermojohn": 0.002375923970432946,
        "#http--httpcomponents-client--artem-smotrakov": 0.0026399155227032735,
        "#http--httpcomponents-client--jsedding": 0.00395987328405491,
        "#http--httpcomponents-client--fxbonnet": 0.013727560718057022,
        "#http--httpcomponents-client--rschmitt": 0.028511087645195353,
        "#http--httpcomponents-client--michael-o": 0.05464625131995776,
        "#http--httpcomponents-client--": 0.15971488912354806,
        "#http--httpcomponents-client--sebbASF": 0.19297782470960928,
        "#http--httpcomponents-client--ok2c": 0.9456177402323126,
        "#http--httpcomponents-core--coxlinton": 0.00019554165037152912,
        "#http--httpcomponents-core--pfrank13": 0.00019554165037152912,
        "#http--httpcomponents-core--rferreira": 0.00039108330074305825,
        "#http--thrift--punwinger": 0.00020622808826562179,
        "#http--thrift--vihangk1": 0.00020622808826562179,
        "#http--thrift--roshan": 0.0008249123530624871,
        "#http--thrift--thomaslee": 0.0014435966178593523,
        "#http--thrift--dmvolod": 0.002680965147453083,
        "#http--thrift--bgould": 0.004743246030109301,
        "#http--thrift--qinghui-xu": 0.009898948236749845,
        "#http--thrift--belugabehr": 0.013198597648999794,
        "#http--thrift--toddlipcon": 0.015467106619921633
    },
    "daily_error_prone_developer": [
        "#http--cocoon--jashaj",
        "#http--httpcomponents-client--jsedding",
        "#http--httpcomponents-client--fxbonnet",
        "#http--httpcomponents-client--rschmitt",
        "#http--httpcomponents-client--michael-o",
        "#http--httpcomponents-client--",
        "#http--httpcomponents-client--sebbASF",
        "#http--httpcomponents-client--ok2c",
        "#http--httpcomponents-core--coxlinton",
        "#http--thrift--bgould",
        "#http--thrift--qinghui-xu",
        "#http--thrift--belugabehr",
        "#http--thrift--toddlipcon"
    ],
    "number_daily_error_prone_developer": 13
}