{
    "all_file_num": 48381,
    "error_developer_file_rate": {
        "#javaee--deltaspike--hiddewie": 0.0003183699458771092,
        "#javaee--deltaspike--pedroigor": 0.0003183699458771092,
        "#javaee--deltaspike--DennisRippinger": 0.0009551098376313276,
        "#javaee--deltaspike--tremes": 0.001591849729385546,
        "#javaee--deltaspike--lincolnthree": 0.003183699458771092,
        "#javaee--deltaspike--ArneLimburg": 0.005093919134033747,
        "#javaee--deltaspike--kenfinnigan": 0.0057306590257879654,
        "#javaee--deltaspike--danielsoro": 0.017828716969118114,
        "#javaee--deltaspike--chkal": 0.026106335561922954,
        "#javaee--deltaspike--rmannibucau": 0.034383954154727794,
        "#javaee--deltaspike--": 0.16523400191021967,
        "#javaee--myfaces--cnsgithub": 0.00030807147258163895,
        "#javaee--myfaces--matzew": 0.041897720271102896,
        "#javaee--myfaces--struberg": 0.13739987677141097,
        "#javaee--openjpa--bmarwell": 0.0007890168849613382,
        "#javaee--openjpa--tandraschko": 0.0011046236389458735,
        "#javaee--openjpa--mikedd": 0.2860975224869812,
        "#javaee--openjpa--": 0.8854347483036137,
        "#javaee--openwebbeans--rsandtner": 0.012107235514557509,
        "#javaee--openwebbeans--covener": 0.022773133467858173,
        "#javaee--openwebbeans--gpetracek": 0.028250216200634188,
        "#javaee--openwebbeans--djencks": 0.028826751225136928,
        "#javaee--openwebbeans--tandraschko": 0.03315076390890746,
        "#javaee--openwebbeans--jbergmark": 0.03343903142115884,
        "#javaee--openwebbeans--dblevins": 0.08129143845488614,
        "#javaee--openwebbeans--ArneLimburg": 0.1173248774863073,
        "#javaee--openwebbeans--rmannibucau": 0.17324877486307294,
        "#javaee--openwebbeans--": 0.5696166042087056,
        "#javaee--openwebbeans--struberg": 0.7639089074661286
    },
    "daily_error_prone_developer": [
        "#javaee--deltaspike--danielsoro",
        "#javaee--deltaspike--chkal",
        "#javaee--deltaspike--rmannibucau",
        "#javaee--deltaspike--",
        "#javaee--myfaces--matzew",
        "#javaee--myfaces--struberg",
        "#javaee--openjpa--mikedd",
        "#javaee--openjpa--",
        "#javaee--openwebbeans--rsandtner",
        "#javaee--openwebbeans--covener",
        "#javaee--openwebbeans--gpetracek",
        "#javaee--openwebbeans--djencks",
        "#javaee--openwebbeans--tandraschko",
        "#javaee--openwebbeans--jbergmark",
        "#javaee--openwebbeans--dblevins",
        "#javaee--openwebbeans--ArneLimburg",
        "#javaee--openwebbeans--rmannibucau",
        "#javaee--openwebbeans--",
        "#javaee--openwebbeans--struberg"
    ],
    "number_daily_error_prone_developer": 19
}