{
    "all_file_num": 122407,
    "error_developer_file_rate": {
        "#network-client--cayenne--emecas": 0.00042013864575309853,
        "#network-client--cayenne--OlegKhodokevich": 0.0004901617533786149,
        "#network-client--cayenne--faizel": 0.0006302079686296478,
        "#network-client--cayenne--aplgithub": 0.0011203697220082628,
        "#network-client--cayenne--AlexandrShestak": 0.002310762551642042,
        "#network-client--cayenne--nismooooooo": 0.006092010363419929,
        "#network-client--cayenne--ollybondareva": 0.008682865345564035,
        "#network-client--cayenne--const1993": 0.00959316574469575,
        "#network-client--cayenne--AlexKolonitsky": 0.018906239058889433,
        "#network-client--cayenne--johnthuss": 0.019536447027519083,
        "#network-client--cayenne--dzmitryk": 0.04418458091170086,
        "#network-client--cayenne--": 0.11294727259995799,
        "#network-client--cxf--mmusaji": 5.504486156217317e-05,
        "#network-client--cxf--pellcorp": 0.00011008972312434634,
        "#network-client--cxf--CarlosPanarello": 0.00011008972312434634,
        "#network-client--cxf--hexagon-ecosys": 0.00011008972312434634,
        "#network-client--cxf--paul-mcculloch": 0.00011008972312434634,
        "#network-client--cxf--bmarwell": 0.00011008972312434634,
        "#network-client--cxf--K0zka": 0.00011008972312434634,
        "#network-client--cxf--Sevyls": 0.00011008972312434634,
        "#network-client--cxf--osvaldopina": 0.00011008972312434634,
        "#network-client--cxf--kbuntrock": 0.00011008972312434634,
        "#network-client--cxf--irisdingbj": 0.00011008972312434634,
        "#network-client--cxf--karlvr": 0.00011008972312434634,
        "#network-client--cxf--gyoetam": 0.00016513458468651952,
        "#network-client--cxf--steingebein": 0.00022017944624869268,
        "#network-client--cxf--aonnikov": 0.00022017944624869268,
        "#network-client--cxf--eberntsen": 0.00033026916937303904,
        "#network-client--cxf--dalbothek": 0.00044035889249738536,
        "#network-client--cxf--dmvolod": 0.0004954037540595586,
        "#network-client--cxf--tadayosi": 0.0007155832003082512,
        "#network-client--cxf--istudens": 0.0008807177849947707,
        "#network-client--cxf--ropalka": 0.0011559420928056365,
        "#network-client--cxf--cyrille-leclerc": 0.0014311664006165024,
        "#network-client--cxf--TomasHofman": 0.0014311664006165024,
        "#network-client--cxf--grgrzybek": 0.002036659877800407,
        "#network-client--cxf--DavidValeri": 0.0033026916937303904,
        "#network-client--cxf--frelibert": 0.0044035889249738535,
        "#network-client--cxf--johnament": 0.008091594649639456,
        "#network-client--cxf--jimma": 0.037375461000715586,
        "#network-client--cxf--elakito": 0.04365057521880333,
        "#network-client--cxf--cschneider": 0.06209060384213134,
        "#network-client--cxf--bimargulies": 0.07464083227830683,
        "#network-client--cxf--": 0.29118731766389605,
        "#network-client--httpcomponents-client--xiaohu-zhang": 0.00026399155227032733,
        "#network-client--httpcomponents-client--smashtakov": 0.00026399155227032733,
        "#network-client--httpcomponents-client--jeromedemangel": 0.0007919746568109821,
        "#network-client--httpcomponents-client--serkanturgut": 0.0010559662090813093,
        "#network-client--httpcomponents-client--sermojohn": 0.002375923970432946,
        "#network-client--httpcomponents-client--artem-smotrakov": 0.0026399155227032735,
        "#network-client--httpcomponents-client--fxbonnet": 0.013727560718057022,
        "#network-client--httpcomponents-client--rschmitt": 0.028511087645195353,
        "#network-client--httpcomponents-client--": 0.15971488912354806,
        "#network-client--httpcomponents-core--pfrank13": 0.00019554165037152912,
        "#network-client--httpcomponents-core--rferreira": 0.00039108330074305825,
        "#network-client--thrift--vihangk1": 0.00020622808826562179,
        "#network-client--thrift--punwinger": 0.00020622808826562179,
        "#network-client--thrift--roshan": 0.0008249123530624871,
        "#network-client--thrift--thomaslee": 0.0014435966178593523,
        "#network-client--thrift--dmvolod": 0.002680965147453083
    },
    "daily_error_prone_developer": [
        "#network-client--cayenne--AlexandrShestak",
        "#network-client--cayenne--nismooooooo",
        "#network-client--cayenne--ollybondareva",
        "#network-client--cayenne--const1993",
        "#network-client--cayenne--AlexKolonitsky",
        "#network-client--cayenne--johnthuss",
        "#network-client--cayenne--dzmitryk",
        "#network-client--cayenne--",
        "#network-client--cxf--hexagon-ecosys",
        "#network-client--cxf--cyrille-leclerc",
        "#network-client--cxf--TomasHofman",
        "#network-client--cxf--grgrzybek",
        "#network-client--cxf--DavidValeri",
        "#network-client--cxf--johnament",
        "#network-client--cxf--jimma",
        "#network-client--cxf--elakito",
        "#network-client--cxf--cschneider",
        "#network-client--cxf--bimargulies",
        "#network-client--cxf--",
        "#network-client--httpcomponents-client--fxbonnet",
        "#network-client--httpcomponents-client--rschmitt",
        "#network-client--httpcomponents-client--"
    ],
    "number_daily_error_prone_developer": 22
}