{
    "all_file_num": 192322,
    "error_developer_file_rate": {
        "#network-server--cayenne--emecas": 0.00042013864575309853,
        "#network-server--cayenne--OlegKhodokevich": 0.0004901617533786149,
        "#network-server--cayenne--faizel": 0.0006302079686296478,
        "#network-server--cayenne--aplgithub": 0.0011203697220082628,
        "#network-server--cayenne--AlexandrShestak": 0.002310762551642042,
        "#network-server--cayenne--nismooooooo": 0.006092010363419929,
        "#network-server--cayenne--ollybondareva": 0.008682865345564035,
        "#network-server--cayenne--const1993": 0.00959316574469575,
        "#network-server--cayenne--AlexKolonitsky": 0.018906239058889433,
        "#network-server--cayenne--johnthuss": 0.019536447027519083,
        "#network-server--cayenne--dzmitryk": 0.04418458091170086,
        "#network-server--cayenne--thinline72": 0.10335410685526224,
        "#network-server--cayenne--": 0.11294727259995799,
        "#network-server--cxf--mmusaji": 5.504486156217317e-05,
        "#network-server--cxf--pellcorp": 0.00011008972312434634,
        "#network-server--cxf--CarlosPanarello": 0.00011008972312434634,
        "#network-server--cxf--hexagon-ecosys": 0.00011008972312434634,
        "#network-server--cxf--paul-mcculloch": 0.00011008972312434634,
        "#network-server--cxf--bmarwell": 0.00011008972312434634,
        "#network-server--cxf--K0zka": 0.00011008972312434634,
        "#network-server--cxf--Sevyls": 0.00011008972312434634,
        "#network-server--cxf--osvaldopina": 0.00011008972312434634,
        "#network-server--cxf--kbuntrock": 0.00011008972312434634,
        "#network-server--cxf--irisdingbj": 0.00011008972312434634,
        "#network-server--cxf--karlvr": 0.00011008972312434634,
        "#network-server--cxf--gyoetam": 0.00016513458468651952,
        "#network-server--cxf--steingebein": 0.00022017944624869268,
        "#network-server--cxf--aonnikov": 0.00022017944624869268,
        "#network-server--cxf--eberntsen": 0.00033026916937303904,
        "#network-server--cxf--dalbothek": 0.00044035889249738536,
        "#network-server--cxf--dmvolod": 0.0004954037540595586,
        "#network-server--cxf--tadayosi": 0.0007155832003082512,
        "#network-server--cxf--istudens": 0.0008807177849947707,
        "#network-server--cxf--ropalka": 0.0011559420928056365,
        "#network-server--cxf--cyrille-leclerc": 0.0014311664006165024,
        "#network-server--cxf--TomasHofman": 0.0014311664006165024,
        "#network-server--cxf--grgrzybek": 0.002036659877800407,
        "#network-server--cxf--DavidValeri": 0.0033026916937303904,
        "#network-server--cxf--frelibert": 0.0044035889249738535,
        "#network-server--cxf--johnament": 0.008091594649639456,
        "#network-server--cxf--asoldano": 0.014256619144602852,
        "#network-server--cxf--jimma": 0.037375461000715586,
        "#network-server--cxf--elakito": 0.04365057521880333,
        "#network-server--cxf--WillemJiang": 0.056696207409038364,
        "#network-server--cxf--cschneider": 0.06209060384213134,
        "#network-server--cxf--bimargulies": 0.07464083227830683,
        "#network-server--cxf--ffang": 0.08664061209886058,
        "#network-server--cxf--": 0.29118731766389605,
        "#network-server--felix--chirino": 0.00012745889450652164,
        "#network-server--felix--ffang": 0.0009771848578833326,
        "#network-server--felix--bobpaulin": 0.0010621574542210137,
        "#network-server--felix--srs": 0.005055869482092025,
        "#network-server--felix--djencks": 0.011343841611080426,
        "#network-server--felix--gertv": 0.01780175893274419,
        "#network-server--felix--gnodet": 0.09211029443004631,
        "#network-server--httpcomponents-core--pfrank13": 0.00019554165037152912,
        "#network-server--httpcomponents-core--rferreira": 0.00039108330074305825,
        "#network-server--karaf--slawekjaranowski": 0.00013956734124214934,
        "#network-server--karaf--peculater": 0.00013956734124214934,
        "#network-server--karaf--mcculls": 0.00013956734124214934,
        "#network-server--karaf--cristcost": 0.00013956734124214934,
        "#network-server--karaf--wborn": 0.0002791346824842987,
        "#network-server--karaf--akuhtz": 0.0002791346824842987,
        "#network-server--karaf--dleangen": 0.0002791346824842987,
        "#network-server--karaf--labero": 0.000418702023726448,
        "#network-server--karaf--tomqwpl": 0.000837404047452896,
        "#network-server--karaf--paoloantinori": 0.0009769713886950454,
        "#network-server--karaf--diamondq": 0.0009769713886950454,
        "#network-server--karaf--vladimirfx": 0.0011165387299371947,
        "#network-server--karaf--sjhiggs": 0.001256106071179344,
        "#network-server--karaf--jgawor": 0.0013956734124214933,
        "#network-server--karaf--maggu2810": 0.0015352407536636428,
        "#network-server--karaf--CMoH": 0.0029309141660851363,
        "#network-server--karaf--SourcePond": 0.0030704815073272856,
        "#network-server--karaf--nantunes": 0.0036287508722958827,
        "#network-server--karaf--jstrachan": 0.008234473133286811,
        "#network-server--karaf--janstey": 0.009351011863224006,
        "#network-server--karaf--splatch": 0.011584089323098396,
        "#network-server--karaf--chirino": 0.020237264480111653,
        "#network-server--karaf--iocanel": 0.028611304954640614,
        "#network-server--karaf--djencks": 0.05136078157711096,
        "#network-server--karaf--ffang": 0.06085136078157711,
        "#network-server--karaf--gertv": 0.10369853454291696,
        "#network-server--karaf--cschneider": 0.21660851360781577,
        "#network-server--karaf--gnodet": 0.6181437543614794,
        "#network-server--mina-sshd--cleiner": 0.0006182380216383308,
        "#network-server--mina-sshd--cschneider": 0.0006182380216383308,
        "#network-server--mina-sshd--stephenc": 0.0009273570324574962,
        "#network-server--mina-sshd--ggrandes": 0.0012364760432766616,
        "#network-server--mina-sshd--sverhoeven": 0.0012364760432766616,
        "#network-server--mina-sshd--jonnyzzz": 0.0015455950540958269,
        "#network-server--mina-sshd--thefourtheye": 0.0018547140649149924,
        "#network-server--mina-sshd--mheemskerk": 0.0018547140649149924,
        "#network-server--mina-sshd--lifangning": 0.0021638330757341576,
        "#network-server--mina-sshd--robertodeandrea": 0.0030911901081916537,
        "#network-server--mina-sshd--jeis2497052": 0.0037094281298299847,
        "#network-server--mina-sshd--The-Yoda": 0.004945904173106646,
        "#network-server--mina-sshd--JackOfMostTrades": 0.0061823802163833074,
        "#network-server--mina-sshd--alonbl": 0.0071097372488408035,
        "#network-server--mina-sshd--gnodet": 0.5928902627511592,
        "#network-server--thrift--punwinger": 0.00020622808826562179,
        "#network-server--thrift--vihangk1": 0.00020622808826562179,
        "#network-server--thrift--roshan": 0.0008249123530624871,
        "#network-server--thrift--thomaslee": 0.0014435966178593523,
        "#network-server--thrift--dmvolod": 0.002680965147453083,
        "#network-server--tomee--ivanjunckes": 0.0009696001825129756,
        "#network-server--tomee--jgawor": 0.006216848229053784
    },