{
    "all_file_num": 107960,
    "error_developer_file_rate": {
        "#other--calcite--chrisdpa": 0.0001686056314280897,
        "#other--calcite--shikhasomani": 0.0001686056314280897,
        "#other--calcite--fageiguanbing": 0.0001686056314280897,
        "#other--calcite--THeinemann": 0.0001686056314280897,
        "#other--calcite--dynamix": 0.0001686056314280897,
        "#other--calcite--darionyaphet": 0.0001686056314280897,
        "#other--calcite--amihalik": 0.0001686056314280897,
        "#other--calcite--wgorman": 0.0001686056314280897,
        "#other--calcite--batytskyy": 0.0003372112628561794,
        "#other--calcite--JackyWoo": 0.0003372112628561794,
        "#other--calcite--Lerm": 0.0003372112628561794,
        "#other--calcite--lxian": 0.0003372112628561794,
        "#other--calcite--AlonEldar89": 0.0003372112628561794,
        "#other--calcite--dijkspicy": 0.0003372112628561794,
        "#other--calcite--markap14": 0.0003372112628561794,
        "#other--calcite--danielcooperxyz": 0.0003372112628561794,
        "#other--calcite--jcentenn": 0.0003372112628561794,
        "#other--calcite--navis": 0.0003372112628561794,
        "#other--calcite--wseidel": 0.0003372112628561794,
        "#other--calcite--Serhii-Harnyk": 0.0005058168942842691,
        "#other--calcite--Xpray": 0.0005058168942842691,
        "#other--calcite--korlov42": 0.0005058168942842691,
        "#other--calcite--rmunjam": 0.0005058168942842691,
        "#other--calcite--jswett77": 0.0005058168942842691,
        "#other--calcite--samwagg": 0.0005058168942842691,
        "#other--calcite--weidong3630": 0.0005058168942842691,
        "#other--calcite--arunmahadevan": 0.0005058168942842691,
        "#other--calcite--ebastien": 0.0005058168942842691,
        "#other--calcite--helloppx": 0.0005058168942842691,
        "#other--calcite--lmagic233": 0.0005058168942842691,
        "#other--calcite--jpullokkaran": 0.0005058168942842691,
        "#other--calcite--gierlachg": 0.0005058168942842691,
        "#other--calcite--ipatina": 0.0005058168942842691,
        "#other--calcite--seancxmao": 0.0005058168942842691,
        "#other--calcite--jganoff": 0.0005058168942842691,
        "#other--calcite--lalinsky": 0.0005058168942842691,
        "#other--calcite--atris": 0.0006744225257123588,
        "#other--calcite--yingyuwang": 0.0006744225257123588,
        "#other--calcite--KulykRoman": 0.0006744225257123588,
        "#other--calcite--vladimirtkach": 0.0006744225257123588,
        "#other--calcite--lfkpoa": 0.0006744225257123588,
        "#other--calcite--andygrove": 0.0006744225257123588,
        "#other--calcite--sudheeshkatkam": 0.0006744225257123588,
        "#other--calcite--ch33hau": 0.0006744225257123588,
        "#other--calcite--hzyuemeng1": 0.0006744225257123588,
        "#other--calcite--VcamX": 0.0006744225257123588,
        "#other--calcite--lmccay": 0.0006744225257123588,
        "#other--calcite--devth": 0.0006744225257123588,
        "#other--calcite--soma-mondal": 0.0008430281571404484,
        "#other--calcite--thomasbanghart": 0.0008430281571404484,
        "#other--calcite--dhirenda-gautam": 0.0008430281571404484,
        "#other--calcite--yiming187": 0.0008430281571404484,
        "#other--calcite--matthewshaer": 0.0008430281571404484,
        "#other--calcite--jszeluga": 0.0008430281571404484,
        "#other--calcite--vladimirdolzhenko": 0.0008430281571404484,
        "#other--calcite--martijn-basesoft": 0.0008430281571404484,
        "#other--calcite--catfishlar": 0.0008430281571404484,
        "#other--calcite--zuozhiw": 0.0010116337885685382,
        "#other--calcite--jibiyr": 0.0010116337885685382,
        "#other--calcite--HuangZhenQiu": 0.0010116337885685382,
        "#other--calcite--sergeyT2": 0.0010116337885685382,
        "#other--calcite--praveenbingo": 0.0010116337885685382,
        "#other--calcite--axeisghost": 0.0010116337885685382,
        "#other--calcite--lucboudreau": 0.0010116337885685382,
        "#other--calcite--KurtYoung": 0.0011802394199966278,
        "#other--calcite--alex-plekhanov": 0.0011802394199966278,
        "#other--calcite--rmetzger": 0.0011802394199966278,
        "#other--calcite--stutigupta028": 0.0011802394199966278,
        "#other--calcite--BenoitHanotte": 0.0011802394199966278,
        "#other--calcite--shlok7296": 0.0011802394199966278,
        "#other--calcite--yssharma": 0.0011802394199966278,
        "#other--calcite--pengchengxiong": 0.0013488450514247176,
        "#other--calcite--XintaoLiao": 0.0013488450514247176,
        "#other--calcite--ambition119": 0.0013488450514247176,
        "#other--calcite--jduo": 0.0013488450514247176,
        "#other--calcite--baunz": 0.0013488450514247176,
        "#other--calcite--LaiZhou": 0.0013488450514247176,
        "#other--calcite--dawidwys": 0.0013488450514247176,
        "#other--calcite--chadasa": 0.0013488450514247176,
        "#other--calcite--jaltekruse": 0.0013488450514247176,
        "#other--calcite--jyates": 0.0013488450514247176,
        "#other--calcite--flink-sql": 0.0015174506828528073,
        "#other--calcite--zstan": 0.0015174506828528073,
        "#other--calcite--dkadams": 0.0015174506828528073,
        "#other--calcite--vdiravka": 0.001686056314280897,
        "#other--calcite--rtudoran": 0.001686056314280897,
        "#other--calcite--LeoWangLZ": 0.001686056314280897,
        "#other--calcite--kramerul": 0.001686056314280897,
        "#other--calcite--gaodayue": 0.001686056314280897,
        "#other--calcite--kasakrisz": 0.0018546619457089867,
        "#other--calcite--jbalint": 0.0018546619457089867,
        "#other--calcite--msydoron": 0.0018546619457089867,
        "#other--calcite--abbas-gadhia": 0.0018546619457089867,
        "#other--calcite--KazydubB": 0.0020232675771370764,
        "#other--calcite--KhawlaMhb": 0.0020232675771370764,
        "#other--calcite--rajrahul": 0.0020232675771370764,
        "#other--calcite--javanlion": 0.0020232675771370764,
        "#other--calcite--hustfxj": 0.002191873208565166,
        "#other--calcite--malcolmtaylor": 0.002191873208565166,
        "#other--calcite--jxiang": 0.0023604788399932556,
        "#other--calcite--arina-ielchiieva": 0.0023604788399932556,
        "#other--calcite--ashutoshc": 0.0025290844714213456,
        "#other--calcite--docete": 0.0025290844714213456,
        "#other--calcite--wangxlong": 0.0025290844714213456,
        "#other--calcite--lameyer": 0.0025290844714213456,
        "#other--calcite--fib-seq": 0.0025290844714213456,
        "#other--calcite--hequn8128": 0.002697690102849435,
        "#other--calcite--chunhui-shi": 0.002697690102849435,
        "#other--calcite--siddharthteotia": 0.002697690102849435,
        "#other--calcite--shimamoto": 0.002697690102849435,
        "#other--calcite--milinda": 0.0028662957342775247,
        "#other--calcite--sunjincheng121": 0.0028662957342775247,
        "#other--calcite--pengzhiwei2018": 0.0030349013657056147,
        "#other--calcite--binmahone": 0.0032035069971337042,
        "#other--calcite--LiShuMing": 0.0032035069971337042,
        "#other--calcite--ankitsinghal": 0.0032035069971337042,
        "#other--calcite--mehant": 0.0032035069971337042,
        "#other--calcite--HanumathRao": 0.003372112628561794,
        "#other--calcite--my7ym": 0.0035407182599898838,
        "#other--calcite--xhoong": 0.0035407182599898838,
        "#other--calcite--a-rafay": 0.003877929522846063,
        "#other--calcite--dianfu": 0.003877929522846063,
        "#other--calcite--chris-baynes": 0.003877929522846063,
        "#other--calcite--HeartSaVioR": 0.003877929522846063,
        "#other--calcite--gianm": 0.004046535154274153,
        "#other--calcite--jh3507": 0.004046535154274153,
        "#other--calcite--amoghmargoor": 0.004383746417130332,
        "#other--calcite--eolivelli": 0.004552352048558422,
        "#other--calcite--ihuzenko": 0.004552352048558422,
        "#other--calcite--MGelbana": 0.004552352048558422,