{
    "all_file_num": 213403,
    "error_developer_file_rate": {
        "#web-framework--cayenne--emecas": 0.00042013864575309853,
        "#web-framework--cayenne--OlegKhodokevich": 0.0004901617533786149,
        "#web-framework--cayenne--faizel": 0.0006302079686296478,
        "#web-framework--cayenne--aplgithub": 0.0011203697220082628,
        "#web-framework--cayenne--AlexandrShestak": 0.002310762551642042,
        "#web-framework--cayenne--KravchenkoAS": 0.005181709964288215,
        "#web-framework--cayenne--nismooooooo": 0.006092010363419929,
        "#web-framework--cayenne--ollybondareva": 0.008682865345564035,
        "#web-framework--cayenne--const1993": 0.00959316574469575,
        "#web-framework--cayenne--AlexKolonitsky": 0.018906239058889433,
        "#web-framework--cayenne--johnthuss": 0.019536447027519083,
        "#web-framework--cayenne--dzmitryk": 0.04418458091170086,
        "#web-framework--cayenne--thinline72": 0.10335410685526224,
        "#web-framework--cayenne--": 0.11294727259995799,
        "#web-framework--isis--joonatan-r": 5.1361595907508036e-05,
        "#web-framework--isis--bkalbfus": 6.163391508900965e-05,
        "#web-framework--isis--blaugold": 6.163391508900965e-05,
        "#web-framework--isis--lamberken": 9.245087263351446e-05,
        "#web-framework--isis--sanderginn": 0.0001335401493595209,
        "#web-framework--isis--DImuthuUpe": 0.0002568079795375402,
        "#web-framework--isis--bibryam": 0.00034925885217105466,
        "#web-framework--isis--jcvanderwal": 0.0011196827907836752,
        "#web-framework--isis--martin-g": 0.011083832396840234,
        "#web-framework--isis--andi-huber": 0.2631973620684342,
        "#web-framework--myfaces--cnsgithub": 0.00030807147258163895,
        "#web-framework--myfaces--struberg": 0.13739987677141097,
        "#web-framework--myfaces--": 0.6512630930375847,
        "#web-framework--nutch--HansBrende": 0.0009633911368015414,
        "#web-framework--nutch--stevegy": 0.0012845215157353885,
        "#web-framework--nutch--erikhatcher": 0.00802825947334618,
        "#web-framework--nutch--naegelejd": 0.008670520231213872,
        "#web-framework--nutch--balashashanka": 0.017662170841361593,
        "#web-framework--nutch--sigram": 0.28580603725112397,
        "#web-framework--nutch--": 0.4932562620423892,
        "#web-framework--shiro--ddold": 0.00020445716622367614,
        "#web-framework--wicket--laurenshop": 4.149377593360996e-05,
        "#web-framework--wicket--noobymatze": 8.298755186721991e-05,
        "#web-framework--wicket--tkruse": 0.00012448132780082987,
        "#web-framework--wicket--jthomerson": 0.00012448132780082987,
        "#web-framework--wicket--berniegp": 0.00012448132780082987,
        "#web-framework--wicket--ams-tschoening": 0.0002074688796680498,
        "#web-framework--wicket--gsmet": 0.00029045643153526973,
        "#web-framework--wicket--dretzlaff": 0.00029045643153526973,
        "#web-framework--wicket--mat128": 0.0004149377593360996,
        "#web-framework--wicket--selckin": 0.0004979253112033195,
        "#web-framework--wicket--shuraa": 0.0005809128630705395,
        "#web-framework--wicket--CedricGatay": 0.0007053941908713693,
        "#web-framework--wicket--mafulafunk": 0.000995850622406639,
        "#web-framework--wicket--michaelmosmann": 0.001078838174273859,
        "#web-framework--wicket--duesenklipper": 0.006431535269709543,
        "#web-framework--wicket--ivaynberg": 0.008464730290456432,
        "#web-framework--wicket--pedrosans": 0.00970954356846473,
        "#web-framework--wicket--jesselong": 0.012821576763485477,
        "#web-framework--wicket--svenmeier": 0.01991701244813278,
        "#web-framework--wicket--papegaaij": 0.03763485477178423
    },
    "daily_error_prone_developer": [
        "#web-framework--cayenne--AlexandrShestak",
        "#web-framework--cayenne--KravchenkoAS",
        "#web-framework--cayenne--nismooooooo",
        "#web-framework--cayenne--ollybondareva",
        "#web-framework--cayenne--const1993",
        "#web-framework--cayenne--AlexKolonitsky",
        "#web-framework--cayenne--johnthuss",
        "#web-framework--cayenne--dzmitryk",
        "#web-framework--cayenne--thinline72",
        "#web-framework--cayenne--",
        "#web-framework--isis--jcvanderwal",
        "#web-framework--isis--martin-g",
        "#web-framework--isis--andi-huber",
        "#web-framework--myfaces--struberg",
        "#web-framework--myfaces--",
        "#web-framework--nutch--erikhatcher",
        "#web-framework--nutch--balashashanka",
        "#web-framework--nutch--sigram",
        "#web-framework--nutch--",
        "#web-framework--wicket--CedricGatay",
        "#web-framework--wicket--michaelmosmann",
        "#web-framework--wicket--duesenklipper",
        "#web-framework--wicket--ivaynberg",
        "#web-framework--wicket--pedrosans",
        "#web-framework--wicket--jesselong",
        "#web-framework--wicket--svenmeier",
        "#web-framework--wicket--papegaaij"
    ],
    "number_daily_error_prone_developer": 27
}