#library--avro--rstata,#library--avro--cutting
0.008307619273676715,0.444813671967719
0.6,0.25380116959064325
0.26666666666666666,0.2327485380116959
