#library--commons-compress--tballison,#library--commons-compress--tcurdt
0.015197568389057751,0.1580547112462006
0.45454545454545453,0.9
0.45454545454545453,0.275
