#library--groovy--scottstirling,#library--groovy--mbjarland,#library--groovy--graemerocher,#library--groovy--rose00,#library--groovy--ataylor284,#library--groovy--meling,#library--groovy--jbaumann,#library--groovy--fpavageau,#library--groovy--vmj,#library--groovy--MammatusPlatypus,#library--groovy--shils,#library--groovy--jimwhite,#library--groovy--spullara,#library--groovy--jeremyrayner,#library--groovy--andresteingress,#library--groovy--roshandawrani,#library--groovy--alextkachman,#library--groovy--eric-milles,#library--groovy--blackdrag,#library--groovy--jstrachan,#library--groovy--melix
0.000514668039114771,0.0006004460456338995,0.0006862240521530279,0.0008577800651912849,0.0011151140847486705,0.001200892091267799,0.001972894149939955,0.002058672156459084,0.002058672156459084,0.004889346371590325,0.00789157659975982,0.008406244638874592,0.009435580717104134,0.021444501629782124,0.030365414307771486,0.03379653456853663,0.06253216675244468,0.08226110825184423,0.10113226968605249,0.13630125235889518,0.17404357522731173
0.5,0.5,0.3333333333333333,0.25,0.5,0.42857142857142855,0.25925925925925924,0.8235294117647058,0.3125,0.5384615384615384,0.5373134328358209,0.3333333333333333,0.5252525252525253,0.3924050632911392,0.47692307692307695,0.4838709677419355,0.6866197183098591,0.33153153153153153,0.4251968503937008,0.24539282250242483,0.4486455981941309
0.3333333333333333,0.375,0.3333333333333333,0.25,0.3333333333333333,0.2857142857142857,0.2222222222222222,0.4117647058823529,0.3125,0.23076923076923078,0.29850746268656714,0.2222222222222222,0.32323232323232326,0.2088607594936709,0.24615384615384617,0.3935483870967742,0.3873239436619718,0.33693693693693694,0.3119321623258631,0.2046556741028128,0.35665914221218964
