#library--httpcomponents-client--fxbonnet,#library--httpcomponents-client--rschmitt
0.013727560718057022,0.028511087645195353
0.5,0.25
0.4166666666666667,0.25
