#web-framework--nutch--HansBrende,#web-framework--nutch--stevegy,#web-framework--nutch--erikhatcher,#web-framework--nutch--naegelejd,#web-framework--nutch--balashashanka,#web-framework--nutch--sigram,#web-framework--nutch--
0.0009633911368015414,0.0012845215157353885,0.00802825947334618,0.008670520231213872,0.017662170841361593,0.28580603725112397,0.4932562620423892
0.5,0.5,0.3076923076923077,0.5,0.3157894736842105,0.3443708609271523,0.21239954075774972
0.5,0.5,0.23076923076923078,0.5,0.2631578947368421,0.271523178807947,0.1859931113662457
