#web-framework--wicket--laurenshop,#web-framework--wicket--noobymatze,#web-framework--wicket--tkruse,#web-framework--wicket--jthomerson,#web-framework--wicket--berniegp,#web-framework--wicket--ams-tschoening,#web-framework--wicket--gsmet,#web-framework--wicket--dretzlaff,#web-framework--wicket--mat128,#web-framework--wicket--selckin,#web-framework--wicket--shuraa,#web-framework--wicket--CedricGatay,#web-framework--wicket--mafulafunk,#web-framework--wicket--michaelmosmann,#web-framework--wicket--duesenklipper,#web-framework--wicket--ivaynberg,#web-framework--wicket--pedrosans,#web-framework--wicket--jesselong,#web-framework--wicket--svenmeier,#web-framework--wicket--papegaaij
4.149377593360996e-05,8.298755186721991e-05,0.00012448132780082987,0.00012448132780082987,0.00012448132780082987,0.0002074688796680498,0.00029045643153526973,0.00029045643153526973,0.0004149377593360996,0.0004979253112033195,0.0005809128630705395,0.0007053941908713693,0.000995850622406639,0.001078838174273859,0.006431535269709543,0.008464730290456432,0.00970954356846473,0.012821576763485477,0.01991701244813278,0.03763485477178423
1.0,0.2,0.5,0.3333333333333333,2.0,0.3333333333333333,0.6666666666666666,0.5,0.3333333333333333,1.3333333333333333,0.25,0.2222222222222222,0.75,0.44,0.3939393939393939,0.5441176470588235,0.494949494949495,0.25,0.25,0.22180451127819548
1.0,0.4,0.5,0.3333333333333333,1.0,0.3333333333333333,0.3333333333333333,0.5,0.3333333333333333,0.6666666666666666,0.25,0.2222222222222222,0.25,0.44,0.24242424242424243,0.27941176470588236,0.29292929292929293,0.16666666666666666,0.17857142857142858,0.16917293233082706
