#graphics--cocoon--jashaj,#graphics--cocoon--SimoneGianni
0.0008688376882481658,0.0038615008366585145
0.08333333333333333,0.10526315789473684
0.08333333333333333,0.07894736842105263
