{
    "all_file_num": 28829,
    "error_developer_file_rate": {
        "#cloud--jclouds--kstyrc": 3.468729404419161e-05,
        "#cloud--jclouds--jonmort": 3.468729404419161e-05,
        "#cloud--jclouds--akorompai": 6.937458808838322e-05,
        "#cloud--jclouds--googlielmo": 0.00010406188213257484,
        "#cloud--jclouds--Ladicek": 0.00010406188213257484,
        "#cloud--jclouds--q225zhan": 0.00010406188213257484,
        "#cloud--jclouds--ChaithanyaGK": 0.00013874917617676645,
        "#cloud--jclouds--jmourelos": 0.00013874917617676645,
        "#cloud--jclouds--steveloughran": 0.00013874917617676645,
        "#cloud--jclouds--sunf2002": 0.00013874917617676645,
        "#cloud--jclouds--echohead": 0.00013874917617676645,
        "#cloud--jclouds--VRanga000": 0.00017343647022095808,
        "#cloud--jclouds--najtmar": 0.00017343647022095808,
        "#cloud--jclouds--eevans": 0.00017343647022095808,
        "#cloud--jclouds--will-districtnerds": 0.00017343647022095808,
        "#cloud--jclouds--dhogan": 0.00017343647022095808,
        "#cloud--jclouds--ilopmar": 0.0002428110583093413,
        "#cloud--jclouds--dalbani": 0.0002428110583093413,
        "#cloud--jclouds--tommywo": 0.0002428110583093413,
        "#cloud--jclouds--jtjk": 0.0003121856463977245,
        "#cloud--jclouds--joshvote": 0.0003121856463977245,
        "#cloud--jclouds--jeffgdotorg": 0.0003121856463977245,
        "#cloud--jclouds--IgnacioCalvo": 0.00041624752853029935,
        "#cloud--jclouds--psiniemi": 0.0004856221166186826,
        "#cloud--jclouds--csabapalfi": 0.0005203094106628742,
        "#cloud--jclouds--jasdeep-hundal": 0.0005549967047070658,
        "#cloud--jclouds--jkew": 0.0006590585868396406,
        "#cloud--jclouds--bostko": 0.0006590585868396406,
        "#cloud--jclouds--pimenas": 0.0006590585868396406,
        "#cloud--jclouds--kulya": 0.0006590585868396406,
        "#cloud--jclouds--luciano-sabenca-movile": 0.0006590585868396406,
        "#cloud--jclouds--theambidextrousboy": 0.0008671823511047903,
        "#cloud--jclouds--kwart": 0.0010406188213257484,
        "#cloud--jclouds--inbarsto": 0.0016303028200770058,
        "#cloud--jclouds--olivergondza": 0.002393423289049221,
        "#cloud--jclouds--jmspring": 0.0052030941066287415
    },
    "daily_error_prone_developer": [
        "#cloud--jclouds--kwart",
        "#cloud--jclouds--inbarsto"
    ],
    "number_daily_error_prone_developer": 2
}