#other--iotdb--rhmangmang,#other--iotdb--yx-zhang,#other--iotdb--xuanronaldo,#other--iotdb--zhanglingzhe0820,#other--iotdb--RYH61,#other--iotdb--little-emotion,#other--iotdb--fanhualta
113,332,366,466,253,518,885
0.7,0.6666666666666666,0.75,0.6376811594202898,0.6458333333333334,0.6538461538461539,0.7708333333333334
0.4,0.4666666666666667,0.45,0.4782608695652174,0.4583333333333333,0.4230769230769231,0.4479166666666667
