#library--cayenne--ollybondareva,#library--cayenne--const1993,#library--cayenne--AlexKolonitsky
272,233,421
0.4,0.28888888888888886,0.2631578947368421
0.4,0.24444444444444444,0.21052631578947367
