#library--commons-crypto--winningsix,#library--commons-crypto--sundapeng
175,321
0.46153846153846156,0.27956989247311825
0.34615384615384615,0.3010752688172043
