{
    "cate": "#java",
    "#java-cate_aver_bug_rate": 0.3333333333333333,
    "#java-cate_aver_bug_commit_rate": 0.2727272727272727,
    "high_bug_rate_error_prone_developer_number": 57,
    "high_bug_commit_rate_error_prone_developer_number": 52,
    "high_bug_rate_error_prone_developer": {
        "#java--iotdb--leety1228": 4.0,
        "#java--iotdb--WilliamSong112": 2.3333333333333335,
        "#java--iotdb--yyt86": 2.2,
        "#java--iotdb--ljn55966005": 2.0,
        "#java--iotdb--1160300922": 1.5,
        "#java--iotdb--dynamicDr": 1.3333333333333333,
        "#java--iotdb--leonardodalinky": 1.0,
        "#java--iotdb--ShuanglinWu": 1.0,
        "#java--iotdb--Superainbower": 1.0,
        "#java--iotdb--limeng32": 1.0,
        "#java--iotdb--GLBB": 1.0,
        "#java--iotdb--chenjun40": 1.0,
        "#java--iotdb--flesher0813": 1.0,
        "#java--iotdb--yuyuankang": 0.8846153846153846,
        "#java--iotdb--tsunghanjacktsai": 0.8461538461538461,
        "#java--iotdb--SolomonAnn": 0.8,
        "#java--iotdb--fanhualta": 0.7708333333333334,
        "#java--iotdb--xuanronaldo": 0.75,
        "#java--iotdb--imquanke": 0.75,
        "#java--iotdb--rhmangmang": 0.7,
        "#java--iotdb--liujiajun": 0.6923076923076923,
        "#java--iotdb--yx-zhang": 0.6666666666666666,
        "#java--iotdb--little-emotion": 0.6538461538461539,
        "#java--iotdb--RYH61": 0.6458333333333334,
        "#java--iotdb--zhanglingzhe0820": 0.6376811594202898,
        "#java--iotdb--yuqi1129": 0.5882352941176471,
        "#java--iotdb--haimeiguo": 0.5833333333333334,
        "#java--iotdb--LeiRui": 0.5465116279069767,
        "#java--iotdb--cornmonster": 0.5454545454545454,
        "#java--iotdb--MrQuansy": 0.5263157894736842,
        "#java--iotdb--Genius-pig": 0.5227272727272727,
        "#java--iotdb--jun0315": 0.5151515151515151,
        "#java--iotdb--wjr4hy": 0.5,
        "#java--iotdb--tieredblocks": 0.5,
        "#java--iotdb--wangyh-thss": 0.5,
        "#java--iotdb--liuminghui233": 0.49074074074074076,
        "#java--iotdb--THUMarkLau": 0.4827586206896552,
        "#java--iotdb--SilverNarcissus": 0.48,
        "#java--iotdb--23931017wu": 0.4375,
        "#java--iotdb--ruanwenjun": 0.42857142857142855,
        "#java--iotdb--yschengzi": 0.4166666666666667,
        "#java--iotdb--JulianFeinauer": 0.41025641025641024,
        "#java--iotdb--MansteinLiliang": 0.4,
        "#java--iotdb--liuruiyiyang": 0.39473684210526316,
        "#java--iotdb--wshao08": 0.39344262295081966,
        "#java--iotdb--SpriCoder": 0.38016528925619836,
        "#java--iotdb--LIU-WEI-git": 0.375,
        "#java--iotdb--jt2594838": 0.37344398340248963,
        "#java--iotdb--mdf369": 0.36363636363636365,
        "#java--iotdb--JackieTien97": 0.362116991643454,
        "#java--iotdb--samperson1997": 0.36,
        "#java--iotdb--yanhongwangg": 0.36,
        "#java--iotdb--cmlmakahts": 0.35,
        "#java--iotdb--mychaow": 0.34146341463414637,
        "#java--iotdb--lyssom": 0.3333333333333333,
        "#java--iotdb--flashzxi": 0.3333333333333333,
        "#java--iotdb--cigarl": 0.3333333333333333
    },
    "high_bug_commit_rate_error_prone_developer": {
        "#java--iotdb--leety1228": 1.0,
        "#java--iotdb--leonardodalinky": 1.0,
        "#java--iotdb--ljn55966005": 1.0,
        "#java--iotdb--Superainbower": 1.0,
        "#java--iotdb--limeng32": 1.0,
        "#java--iotdb--GLBB": 1.0,
        "#java--iotdb--chenjun40": 1.0,
        "#java--iotdb--flesher0813": 1.0,
        "#java--iotdb--imquanke": 0.75,
        "#java--iotdb--WilliamSong112": 0.6666666666666666,
        "#java--iotdb--dynamicDr": 0.6666666666666666,
        "#java--iotdb--yyt86": 0.6,
        "#java--iotdb--SolomonAnn": 0.6,
        "#java--iotdb--MansteinLiliang": 0.6,
        "#java--iotdb--wjr4hy": 0.5,
        "#java--iotdb--ShuanglinWu": 0.5,
        "#java--iotdb--tieredblocks": 0.5,
        "#java--iotdb--wangyh-thss": 0.5,
        "#java--iotdb--zhanglingzhe0820": 0.4782608695652174,
        "#java--iotdb--yx-zhang": 0.4666666666666667,
        "#java--iotdb--RYH61": 0.4583333333333333,
        "#java--iotdb--xuanronaldo": 0.45,
        "#java--iotdb--fanhualta": 0.4479166666666667,
        "#java--iotdb--23931017wu": 0.4375,
        "#java--iotdb--little-emotion": 0.4230769230769231,
        "#java--iotdb--rhmangmang": 0.4,
        "#java--iotdb--LIU-WEI-git": 0.375,
        "#java--iotdb--CRZbulabula": 0.36607142857142855,
        "#java--iotdb--haimeiguo": 0.3611111111111111,
        "#java--iotdb--yuqi1129": 0.35294117647058826,
        "#java--iotdb--liuruiyiyang": 0.34210526315789475,
        "#java--iotdb--jt2594838": 0.34024896265560167,
        "#java--iotdb--MrQuansy": 0.3333333333333333,
        "#java--iotdb--lyssom": 0.3333333333333333,
        "#java--iotdb--LeiRui": 0.313953488372093,
        "#java--iotdb--BanDuWuZi": 0.3076923076923077,
        "#java--iotdb--SpriCoder": 0.30578512396694213,
        "#java--iotdb--yschengzi": 0.3055555555555556,
        "#java--iotdb--cornmonster": 0.30303030303030304,
        "#java--iotdb--JackieTien97": 0.29526462395543174,
        "#java--iotdb--wshao08": 0.29508196721311475,
        "#java--iotdb--MarcosZyk": 0.29464285714285715,
        "#java--iotdb--samperson1997": 0.2914285714285714,
        "#java--iotdb--THUMarkLau": 0.28735632183908044,
        "#java--iotdb--ruanwenjun": 0.2857142857142857,
        "#java--iotdb--ijihang": 0.2857142857142857,
        "#java--iotdb--choubenson": 0.28,
        "#java--iotdb--SilverNarcissus": 0.28,
        "#java--iotdb--yanhongwangg": 0.28,
        "#java--iotdb--cigarl": 0.2777777777777778,
        "#java--iotdb--jun0315": 0.2727272727272727,
        "#java--iotdb--Genius-pig": 0.2727272727272727
    },
    "error_prone_developer_num": 47,
    "error_prone_developer": [
        "#java--iotdb--leety1228",
        "#java--iotdb--WilliamSong112",
        "#java--iotdb--yyt86",
        "#java--iotdb--ljn55966005",
        "#java--iotdb--dynamicDr",
        "#java--iotdb--leonardodalinky",
        "#java--iotdb--ShuanglinWu",
        "#java--iotdb--Superainbower",
        "#java--iotdb--limeng32",
        "#java--iotdb--GLBB",
        "#java--iotdb--chenjun40",
        "#java--iotdb--flesher0813",
        "#java--iotdb--SolomonAnn",
        "#java--iotdb--fanhualta",
        "#java--iotdb--xuanronaldo",
        "#java--iotdb--imquanke",
        "#java--iotdb--rhmangmang",
        "#java--iotdb--yx-zhang",
        "#java--iotdb--little-emotion",
        "#java--iotdb--RYH61",
        "#java--iotdb--zhanglingzhe0820",
        "#java--iotdb--yuqi1129",
        "#java--iotdb--haimeiguo",
        "#java--iotdb--LeiRui",
        "#java--iotdb--cornmonster",
        "#java--iotdb--MrQuansy",
        "#java--iotdb--Genius-pig",
        "#java--iotdb--jun0315",
        "#java--iotdb--wjr4hy",
        "#java--iotdb--tieredblocks",
        "#java--iotdb--wangyh-thss",
        "#java--iotdb--THUMarkLau",
        "#java--iotdb--SilverNarcissus",
        "#java--iotdb--23931017wu",
        "#java--iotdb--ruanwenjun",
        "#java--iotdb--yschengzi",
        "#java--iotdb--MansteinLiliang",
        "#java--iotdb--liuruiyiyang",
        "#java--iotdb--wshao08",
        "#java--iotdb--SpriCoder",
        "#java--iotdb--LIU-WEI-git",
        "#java--iotdb--jt2594838",
        "#java--iotdb--JackieTien97",
        "#java--iotdb--samperson1997",
        "#java--iotdb--yanhongwangg",
        "#java--iotdb--lyssom",
        "#java--iotdb--cigarl"
    ],
    "error_prone_developer_team_rate": 0.21559633027522937,
    "team_developer_num": 218
}