{
    "all_file_num": 18167,
    "error_developer_file_rate": {
        "#xml--cxf--mmusaji": 5.504486156217317e-05,
        "#xml--cxf--pellcorp": 0.00011008972312434634,
        "#xml--cxf--CarlosPanarello": 0.00011008972312434634,
        "#xml--cxf--hexagon-ecosys": 0.00011008972312434634,
        "#xml--cxf--paul-mcculloch": 0.00011008972312434634,
        "#xml--cxf--bmarwell": 0.00011008972312434634,
        "#xml--cxf--K0zka": 0.00011008972312434634,
        "#xml--cxf--Sevyls": 0.00011008972312434634,
        "#xml--cxf--osvaldopina": 0.00011008972312434634,
        "#xml--cxf--kbuntrock": 0.00011008972312434634,
        "#xml--cxf--irisdingbj": 0.00011008972312434634,
        "#xml--cxf--karlvr": 0.00011008972312434634,
        "#xml--cxf--gyoetam": 0.00016513458468651952,
        "#xml--cxf--steingebein": 0.00022017944624869268,
        "#xml--cxf--aonnikov": 0.00022017944624869268,
        "#xml--cxf--eberntsen": 0.00033026916937303904,
        "#xml--cxf--dalbothek": 0.00044035889249738536,
        "#xml--cxf--dmvolod": 0.0004954037540595586,
        "#xml--cxf--tadayosi": 0.0007155832003082512,
        "#xml--cxf--istudens": 0.0008807177849947707,
        "#xml--cxf--ropalka": 0.0011559420928056365,
        "#xml--cxf--cyrille-leclerc": 0.0014311664006165024,
        "#xml--cxf--TomasHofman": 0.0014311664006165024,
        "#xml--cxf--grgrzybek": 0.002036659877800407,
        "#xml--cxf--DavidValeri": 0.0033026916937303904,
        "#xml--cxf--frelibert": 0.0044035889249738535,
        "#xml--cxf--johnament": 0.008091594649639456,
        "#xml--cxf--jimma": 0.037375461000715586,
        "#xml--cxf--cschneider": 0.06209060384213134,
        "#xml--cxf--bimargulies": 0.07464083227830683,
        "#xml--cxf--": 0.29118731766389605
    },
    "daily_error_prone_developer": [
        "#xml--cxf--hexagon-ecosys",
        "#xml--cxf--cyrille-leclerc",
        "#xml--cxf--TomasHofman",
        "#xml--cxf--grgrzybek",
        "#xml--cxf--DavidValeri",
        "#xml--cxf--johnament",
        "#xml--cxf--jimma",
        "#xml--cxf--cschneider",
        "#xml--cxf--bimargulies",
        "#xml--cxf--"
    ],
    "number_daily_error_prone_developer": 10
}