#java--camel--transamericamoon,#java--camel--chandra-h-bitd,#java--camel--iliya-gr,#java--camel--phantomjinx,#java--camel--henka-rl,#java--camel--jkorab,#java--camel--cristianonicolai,#java--camel--sirlatrom,#java--camel--brmeyer,#java--camel--adessaigne,#java--camel--DavidValeri,#java--camel--jstrachan
95,166,489,239,97,606,157,492,2677,3051,602,2359
0.3333333333333333,0.3333333333333333,0.3333333333333333,0.36363636363636365,0.5454545454545454,0.35714285714285715,0.3333333333333333,0.5,1.1,0.59375,0.47058823529411764,0.49458483754512633
0.3333333333333333,0.3333333333333333,0.3333333333333333,0.6363636363636364,0.36363636363636365,0.2857142857142857,0.3333333333333333,0.3333333333333333,0.4,0.28125,0.38235294117647056,0.2967509025270758
