#java--iotdb--rhmangmang,#java--iotdb--yuqi1129,#java--iotdb--yanhongwangg,#java--iotdb--yx-zhang,#java--iotdb--lyssom,#java--iotdb--LIU-WEI-git,#java--iotdb--xuanronaldo,#java--iotdb--cigarl,#java--iotdb--haimeiguo,#java--iotdb--zhanglingzhe0820,#java--iotdb--jun0315,#java--iotdb--cornmonster,#java--iotdb--yschengzi,#java--iotdb--RYH61,#java--iotdb--MrQuansy,#java--iotdb--little-emotion,#java--iotdb--wshao08,#java--iotdb--liuruiyiyang,#java--iotdb--LeiRui,#java--iotdb--SilverNarcissus,#java--iotdb--fanhualta,#java--iotdb--THUMarkLau,#java--iotdb--Genius-pig,#java--iotdb--SpriCoder,#java--iotdb--samperson1997,#java--iotdb--jt2594838,#java--iotdb--JackieTien97
113,135,325,332,561,247,366,261,325,466,315,394,454,253,455,518,398,658,1418,972,885,600,562,441,987,1486,1126
0.7,0.5882352941176471,0.36,0.6666666666666666,0.3333333333333333,0.375,0.75,0.3333333333333333,0.5833333333333334,0.6376811594202898,0.5151515151515151,0.5454545454545454,0.4166666666666667,0.6458333333333334,0.5263157894736842,0.6538461538461539,0.39344262295081966,0.39473684210526316,0.5465116279069767,0.48,0.7708333333333334,0.4827586206896552,0.5227272727272727,0.38016528925619836,0.36,0.37344398340248963,0.362116991643454
0.4,0.35294117647058826,0.28,0.4666666666666667,0.3333333333333333,0.375,0.45,0.2777777777777778,0.3611111111111111,0.4782608695652174,0.2727272727272727,0.30303030303030304,0.3055555555555556,0.4583333333333333,0.3333333333333333,0.4230769230769231,0.29508196721311475,0.34210526315789475,0.313953488372093,0.28,0.4479166666666667,0.28735632183908044,0.2727272727272727,0.30578512396694213,0.2914285714285714,0.34024896265560167,0.29526462395543174
