#build-management--archiva--ndeloof,#build-management--archiva--oching
213,2545
0.5263157894736842,0.215929203539823
0.47368421052631576,0.20176991150442478
