#cloud--camel--transamericamoon,#cloud--camel--ge0ffrey,#cloud--camel--chandra-h-bitd,#cloud--camel--iliya-gr,#cloud--camel--tkopczynski,#cloud--camel--samratdhillon,#cloud--camel--bonnetb,#cloud--camel--christian-posta,#cloud--camel--phantomjinx,#cloud--camel--jwcarman,#cloud--camel--henka-rl,#cloud--camel--jkorab,#cloud--camel--cristianonicolai,#cloud--camel--sirlatrom,#cloud--camel--brmeyer,#cloud--camel--mmelko,#cloud--camel--adessaigne,#cloud--camel--DavidValeri,#cloud--camel--hqstevenson,#cloud--camel--jstrachan
9.78131768322504e-05,0.0001956263536645008,0.00020959966464053657,0.00022357297561657235,0.00022357297561657235,0.00023754628659260812,0.0002654929085446797,0.00029343953049675123,0.0004052260183050374,0.00043317264025710895,0.00047509257318521623,0.000489065884161252,0.0005589324390414309,0.0007266121707538601,0.0010899182561307902,0.00208202333542933,0.0025151959756864388,0.003018235170823727,0.00452735275623559,0.06290784601411305
0.3333333333333333,0.2857142857142857,0.3333333333333333,0.3333333333333333,0.7142857142857143,0.6666666666666666,0.2857142857142857,0.2857142857142857,0.36363636363636365,0.2857142857142857,0.5454545454545454,0.35714285714285715,0.3333333333333333,0.5,1.1,0.4,0.59375,0.47058823529411764,0.32432432432432434,0.49458483754512633
0.3333333333333333,0.2857142857142857,0.3333333333333333,0.3333333333333333,0.5714285714285714,0.5,0.2857142857142857,0.2857142857142857,0.6363636363636364,0.2857142857142857,0.36363636363636365,0.2857142857142857,0.3333333333333333,0.3333333333333333,0.4,0.26666666666666666,0.28125,0.38235294117647056,0.2702702702702703,0.2967509025270758
