#cloud--jclouds--kwart,#cloud--jclouds--inbarsto
0.0010406188213257484,0.0016303028200770058
0.4166666666666667,0.7777777777777778
0.4166666666666667,0.5555555555555556
