#other--iotdb--rhmangmang,#other--iotdb--yx-zhang,#other--iotdb--xuanronaldo,#other--iotdb--zhanglingzhe0820,#other--iotdb--RYH61,#other--iotdb--little-emotion,#other--iotdb--fanhualta
0.0021589304990450886,0.004899111517063855,0.00606161255501121,0.015444656647014863,0.02574109441169144,0.02806609648758615,0.05123308145810845
0.7,0.6666666666666666,0.75,0.6376811594202898,0.6458333333333334,0.6538461538461539,0.7708333333333334
0.4,0.4666666666666667,0.45,0.4782608695652174,0.4583333333333333,0.4230769230769231,0.4479166666666667
