#java--camel--transamericamoon,#java--camel--henka-rl,#java--iotdb--rhmangmang,#java--iotdb--yuqi1129,#java--camel--cristianonicolai,#java--camel--chandra-h-bitd,#java--camel--phantomjinx,#java--iotdb--LIU-WEI-git,#java--iotdb--RYH61,#java--iotdb--cigarl,#java--iotdb--jun0315,#java--iotdb--yanhongwangg,#java--iotdb--haimeiguo,#java--iotdb--yx-zhang,#java--iotdb--xuanronaldo,#java--iotdb--cornmonster,#java--iotdb--wshao08,#java--iotdb--SpriCoder,#java--iotdb--yschengzi,#java--iotdb--MrQuansy,#java--iotdb--zhanglingzhe0820,#java--camel--iliya-gr,#java--camel--sirlatrom,#java--iotdb--little-emotion,#java--iotdb--lyssom,#java--iotdb--Genius-pig,#java--iotdb--THUMarkLau,#java--camel--DavidValeri,#java--camel--jkorab,#java--iotdb--liuruiyiyang,#java--iotdb--fanhualta,#java--iotdb--SilverNarcissus,#java--iotdb--samperson1997,#java--iotdb--JackieTien97,#java--iotdb--LeiRui,#java--iotdb--jt2594838,#java--camel--jstrachan,#java--camel--brmeyer,#java--camel--adessaigne
95.0,97.0,113.0,135.0,157.0,166.0,239.0,247.0,253.0,261.0,315.0,325.0,325.0,332.0,366.0,394.0,398.0,441.0,454.0,455.0,466.0,489.0,492.0,518.0,561.0,562.0,600.0,602.0,606.0,658.0,885.0,972.0,987.0,1126.0,1418.0,1486.0,2359.0,2677.0,3051.0
0.3333333333333333,0.5454545454545454,0.7,0.5882352941176471,0.3333333333333333,0.3333333333333333,0.36363636363636365,0.375,0.6458333333333334,0.3333333333333333,0.5151515151515151,0.36,0.5833333333333334,0.6666666666666666,0.75,0.5454545454545454,0.39344262295081966,0.38016528925619836,0.4166666666666667,0.5263157894736842,0.6376811594202898,0.3333333333333333,0.5,0.6538461538461539,0.3333333333333333,0.5227272727272727,0.4827586206896552,0.47058823529411764,0.35714285714285715,0.39473684210526316,0.7708333333333334,0.48,0.36,0.362116991643454,0.5465116279069767,0.37344398340248963,0.49458483754512633,1.1,0.59375
0.3333333333333333,0.36363636363636365,0.4,0.35294117647058826,0.3333333333333333,0.3333333333333333,0.6363636363636364,0.375,0.4583333333333333,0.2777777777777778,0.2727272727272727,0.28,0.3611111111111111,0.4666666666666667,0.45,0.30303030303030304,0.29508196721311475,0.30578512396694213,0.3055555555555556,0.3333333333333333,0.4782608695652174,0.3333333333333333,0.3333333333333333,0.4230769230769231,0.3333333333333333,0.2727272727272727,0.28735632183908044,0.38235294117647056,0.2857142857142857,0.34210526315789475,0.4479166666666667,0.28,0.2914285714285714,0.29526462395543174,0.313953488372093,0.34024896265560167,0.2967509025270758,0.4,0.28125
