#other--iotdb--rhmangmang,#other--calcite--xndai,#other--iotdb--RYH61,#other--calcite--zhztheplayer,#other--calcite--jinxing64,#other--calcite--amoghmargoor,#other--iotdb--yx-zhang,#other--calcite--Zhiqiang-He,#other--calcite--eolivelli,#other--calcite--wenhuitang,#other--iotdb--xuanronaldo,#other--calcite--ritesh-kapoor,#other--calcite--jinfengni,#other--calcite--jamesstarr,#other--calcite--mehant,#other--calcite--DonnyZone,#other--calcite--ihuzenko,#other--calcite--hsuanyi,#other--iotdb--zhanglingzhe0820,#other--calcite--b-slim,#other--calcite--pengzhiwei2018,#other--iotdb--little-emotion,#other--calcite--minji-kim,#other--calcite--yanlin-Lynn,#other--calcite--chris-baynes,#other--calcite--vkorukanti,#other--calcite--maryannxue,#other--calcite--kgyrtkirk,#other--calcite--nishantmonu51,#other--calcite--gianm,#other--calcite--amaliujia,#other--iotdb--fanhualta,#other--calcite--beikov,#other--calcite--wuchong,#other--calcite--laurentgo,#other--calcite--snuyanzin,#other--calcite--vvysotskyi,#other--calcite--zinking,#other--calcite--jcamachor,#other--camel--brmeyer
113.0,238.0,253.0,279.0,312.0,325.0,332.0,335.0,356.0,366.0,366.0,387.0,394.0,408.0,412.0,412.0,419.0,452.0,466.0,477.0,516.0,518.0,537.0,644.0,715.0,751.0,758.0,766.0,783.0,806.0,821.0,885.0,923.0,1220.0,1305.0,1606.0,1682.0,1844.0,2496.0,2677.0
0.7,0.5333333333333333,0.6458333333333334,0.56,0.6551724137931034,8.5,0.6666666666666666,2.875,1.5,1.0769230769230769,0.75,0.7777777777777778,1.5,0.7777777777777778,1.7142857142857142,0.6363636363636364,1.6666666666666667,1.619047619047619,0.6376811594202898,1.3846153846153846,0.6875,0.6538461538461539,2.7083333333333335,0.5277777777777778,2.0,2.0714285714285716,1.2142857142857142,1.0285714285714285,1.3636363636363635,1.25,0.5454545454545454,0.7708333333333334,1.2857142857142858,2.1666666666666665,0.5769230769230769,0.5416666666666666,0.7941176470588235,1.2,1.1317365269461077,1.1
0.4,0.4,0.4583333333333333,0.4,0.7586206896551724,1.0,0.4666666666666667,0.875,0.5,0.8461538461538461,0.45,0.8888888888888888,0.6666666666666666,0.5555555555555556,0.5714285714285714,0.9090909090909091,0.8333333333333334,0.9047619047619048,0.4782608695652174,0.8461538461538461,0.6875,0.4230769230769231,0.75,0.8055555555555556,0.8888888888888888,0.8571428571428571,0.8214285714285714,0.8857142857142857,0.7727272727272727,0.6666666666666666,0.5,0.4479166666666667,0.42857142857142855,0.6666666666666666,0.5769230769230769,0.5,0.5,0.9,0.5988023952095808,0.4
