#web-framework--cayenne--const1993,#web-framework--cayenne--KravchenkoAS,#web-framework--cayenne--ollybondareva,#web-framework--nutch--balashashanka,#web-framework--wicket--michaelmosmann,#web-framework--cayenne--AlexKolonitsky,#web-framework--wicket--ivaynberg,#web-framework--isis--martin-g,#web-framework--cayenne--thinline72,#web-framework--wicket--jesselong,#web-framework--isis--jcvanderwal,#web-framework--cayenne--dzmitryk,#web-framework--wicket--duesenklipper,#web-framework--isis--andi-huber,#web-framework--nutch--sigram,#web-framework--wicket--pedrosans,#web-framework--myfaces--struberg,#web-framework--wicket--svenmeier,#web-framework--cayenne--johnthuss,#web-framework--wicket--papegaaij
233.0,266.0,272.0,279.0,390.0,421.0,791.0,804.0,885.0,890.0,1435.0,1964.0,2243.0,2349.0,2399.0,2613.0,2839.0,3373.0,3731.0,4027.0
0.28888888888888886,0.18181818181818182,0.4,0.3157894736842105,0.44,0.2631578947368421,0.5441176470588235,0.32107843137254904,0.19375,0.25,0.6122448979591837,0.19463087248322147,0.3939393939393939,0.173860730936983,0.3443708609271523,0.494949494949495,0.21428571428571427,0.25,0.22666666666666666,0.22180451127819548
0.24444444444444444,0.36363636363636365,0.4,0.2631578947368421,0.44,0.21052631578947367,0.27941176470588236,0.25245098039215685,0.1875,0.16666666666666666,0.32653061224489793,0.18120805369127516,0.24242424242424243,0.3065122574823282,0.271523178807947,0.29292929292929293,0.17142857142857143,0.17857142857142858,0.22666666666666666,0.16917293233082706
