#database--curator--ramaraochavali,#database--curator--arrodrigues,#database--curator--iocanel
0.0008714596949891067,0.00130718954248366,0.025272331154684097
0.2857142857142857,1.0,0.3333333333333333
0.2857142857142857,0.6666666666666666,0.3333333333333333
