#database--cassandra--jorgebay,#database--cassandra--spmallette
0.00010848340203948796,0.0013018008244738556
1.0,0.3333333333333333
1.0,0.3333333333333333
