#database--openjpa--bmarwell,#database--openjpa--tandraschko
0.0007890168849613382,0.0011046236389458735
0.3333333333333333,0.75
0.3333333333333333,0.25
