#javaee--myfaces--matzew,#javaee--myfaces--struberg
2114,2839
0.2606060606060606,0.21428571428571427
0.14545454545454545,0.17142857142857143
