#web-framework--cayenne--KravchenkoAS,#web-framework--cayenne--ollybondareva,#web-framework--cayenne--const1993,#web-framework--cayenne--AlexKolonitsky,#web-framework--cayenne--johnthuss,#web-framework--cayenne--dzmitryk,#web-framework--cayenne--thinline72
266,272,233,421,3731,1964,885
0.18181818181818182,0.4,0.28888888888888886,0.2631578947368421,0.22666666666666666,0.19463087248322147,0.19375
0.36363636363636365,0.4,0.24444444444444444,0.21052631578947367,0.22666666666666666,0.18120805369127516,0.1875
