#web-framework--isis--jcvanderwal,#web-framework--isis--martin-g,#web-framework--isis--andi-huber
1435,804,2349
0.6122448979591837,0.32107843137254904,0.173860730936983
0.32653061224489793,0.25245098039215685,0.3065122574823282
