#web-framework--nutch--balashashanka,#web-framework--nutch--sigram
279,2399
0.3157894736842105,0.3443708609271523
0.2631578947368421,0.271523178807947
