#web-framework--wicket--michaelmosmann,#web-framework--wicket--duesenklipper,#web-framework--wicket--ivaynberg,#web-framework--wicket--pedrosans,#web-framework--wicket--jesselong,#web-framework--wicket--svenmeier,#web-framework--wicket--papegaaij
390,2243,791,2613,890,3373,4027
0.44,0.3939393939393939,0.5441176470588235,0.494949494949495,0.25,0.25,0.22180451127819548
0.44,0.24242424242424243,0.27941176470588236,0.29292929292929293,0.16666666666666666,0.17857142857142858,0.16917293233082706
