#web-framework--cayenne--AlexandrShestak,#web-framework--cayenne--KravchenkoAS,#web-framework--cayenne--nismooooooo,#web-framework--cayenne--ollybondareva,#web-framework--cayenne--const1993,#web-framework--cayenne--AlexKolonitsky,#web-framework--cayenne--johnthuss,#web-framework--cayenne--dzmitryk,#web-framework--cayenne--thinline72,#web-framework--cayenne--
0.002310762551642042,0.005181709964288215,0.006092010363419929,0.008682865345564035,0.00959316574469575,0.018906239058889433,0.019536447027519083,0.04418458091170086,0.10335410685526224,0.11294727259995799
0.3333333333333333,0.18181818181818182,0.2682926829268293,0.4,0.28888888888888886,0.2631578947368421,0.22666666666666666,0.19463087248322147,0.19375,0.2395693135935397
0.4444444444444444,0.36363636363636365,0.2682926829268293,0.4,0.24444444444444444,0.21052631578947367,0.22666666666666666,0.18120805369127516,0.1875,0.2597577388963661
