#web-framework--wicket--CedricGatay,#web-framework--wicket--michaelmosmann,#web-framework--wicket--duesenklipper,#web-framework--wicket--ivaynberg,#web-framework--wicket--pedrosans,#web-framework--wicket--jesselong,#web-framework--wicket--svenmeier,#web-framework--wicket--papegaaij
0.0007053941908713693,0.001078838174273859,0.006431535269709543,0.008464730290456432,0.00970954356846473,0.012821576763485477,0.01991701244813278,0.03763485477178423
0.2222222222222222,0.44,0.3939393939393939,0.5441176470588235,0.494949494949495,0.25,0.25,0.22180451127819548
0.2222222222222222,0.44,0.24242424242424243,0.27941176470588236,0.29292929292929293,0.16666666666666666,0.17857142857142858,0.16917293233082706
