#big-data--carbondata--highmoutain,#big-data--carbondata--harmeetsingh0013,#big-data--carbondata--kapilreja,#big-data--carbondata--ranmx,#big-data--carbondata--zuowang,#big-data--carbondata--Sephiroth-Lin,#big-data--carbondata--Beyyes,#big-data--carbondata--Karan-c980,#big-data--carbondata--xiaohui0318,#big-data--carbondata--deepakmehra10,#big-data--carbondata--sv71294,#big-data--carbondata--SteNicholas,#big-data--carbondata--shardul-cr7,#big-data--carbondata--shenjiayu17,#big-data--carbondata--ffpeng90,#big-data--carbondata--bhavya411,#big-data--carbondata--ravikiran23,#big-data--carbondata--sujith71955,#big-data--carbondata--gvramana,#big-data--carbondata--manishgupta88
0.00010475591870940707,0.00010475591870940707,0.00020951183741881415,0.00031426775612822125,0.0004190236748376283,0.0004190236748376283,0.0005237795935470355,0.0006285355122564425,0.0008380473496752566,0.0013618269432222922,0.0019903624554787345,0.002095118374188142,0.0027236538864445843,0.0035617012361198407,0.003771213073538655,0.0070186465535302745,0.028179342132830507,0.030588728263146868,0.03687408338571129,0.06861512675466164
1.0,1.0,1.0,0.5,0.5,3.0,0.5,3.0,1.5,1.0,2.0,0.5,0.5,1.0,4.5,2.111111111111111,0.5135135135135135,0.7608695652173914,1.0526315789473684,0.7152777777777778
1.0,1.0,1.0,0.5,0.5,1.0,0.5,1.0,0.5,0.6666666666666666,0.5,0.5,0.4,0.5,0.5,0.5555555555555556,0.33783783783783783,0.34782608695652173,0.42105263157894735,0.4305555555555556
