#big-data--flume--stakafum,#big-data--flume--granthenke
0.0013080444735120995,0.009810333551340745
1.0,2.0
1.0,0.6666666666666666
