#other--directory-kerby--farhan5900,#other--directory-kerby--ftarlao
0.00014587892049598833,0.00029175784099197665
1.0,1.0
1.0,1.0
