#other--iotdb--wjr4hy,#other--iotdb--tieredblocks,#other--iotdb--limeng32,#other--iotdb--flesher0813,#other--iotdb--chenjun40,#other--iotdb--GLBB,#other--iotdb--leonardodalinky,#other--iotdb--wangyh-thss,#other--iotdb--ljn55966005,#other--iotdb--ShuanglinWu,#other--iotdb--dynamicDr,#other--iotdb--leety1228,#other--iotdb--Superainbower,#other--iotdb--rhmangmang,#other--iotdb--imquanke,#other--iotdb--SolomonAnn,#other--iotdb--WilliamSong112,#other--iotdb--yyt86,#other--iotdb--yx-zhang,#other--iotdb--xuanronaldo,#other--iotdb--zhanglingzhe0820,#other--iotdb--RYH61,#other--iotdb--little-emotion,#other--iotdb--fanhualta
0.0001660715768496222,0.0001660715768496222,0.0001660715768496222,0.0002491073652744333,0.0002491073652744333,0.0003321431536992444,0.0004982147305488666,0.0005812505189736777,0.0006642863073984888,0.0006642863073984888,0.0011625010379473554,0.0015776799800714108,0.001743751556921033,0.0021589304990450886,0.002657145229593955,0.0030723241717180104,0.0030723241717180104,0.0031553599601428215,0.004899111517063855,0.00606161255501121,0.015444656647014863,0.02574109441169144,0.02806609648758615,0.05123308145810845
0.5,0.5,1.0,1.0,1.0,1.0,1.0,0.5,2.0,1.0,1.3333333333333333,4.0,1.0,0.7,0.75,0.8,2.3333333333333335,2.2,0.6666666666666666,0.75,0.6376811594202898,0.6458333333333334,0.6538461538461539,0.7708333333333334
0.5,0.5,1.0,1.0,1.0,1.0,1.0,0.5,1.0,0.5,0.6666666666666666,1.0,1.0,0.4,0.75,0.6,0.6666666666666666,0.6,0.4666666666666667,0.45,0.4782608695652174,0.4583333333333333,0.4230769230769231,0.4479166666666667
