#other--karaf--slawekjaranowski,#other--karaf--peculater,#other--karaf--mcculls,#other--karaf--cristcost,#other--karaf--wborn,#other--karaf--akuhtz,#other--karaf--dleangen,#other--karaf--labero,#other--karaf--tomqwpl,#other--karaf--vladimirfx
0.00013956734124214934,0.00013956734124214934,0.00013956734124214934,0.00013956734124214934,0.0002791346824842987,0.0002791346824842987,0.0002791346824842987,0.000418702023726448,0.000837404047452896,0.0011165387299371947
1.0,1.0,1.0,1.0,0.5,0.5,1.0,1.0,0.5,0.75
1.0,1.0,1.0,1.0,0.5,0.5,1.0,1.0,0.5,0.5
