#graphics--cocoon--jashaj,#graphics--cocoon--SimoneGianni
1228,454
0.08333333333333333,0.10526315789473684
0.08333333333333333,0.07894736842105263
